municipality,county,avg_total_tax_2012,avg_total_tax_2013,avg_total_tax_2014,avg_total_tax_2015,avg_total_tax_2016,avg_total_tax_2017,avg_total_tax_2018,avg_total_tax_2019,avg_total_tax_2020,avg_total_tax_2021,avg_total_tax_2022,avg_total_tax_2023,avg_total_tax_2024,avg_total_tax_2025,change_dollars_2012_2025,change_percent_2012_2025
Absecon City,Atlantic,5102,5264,5346,5407,5453,5595,5607,5553,5580,5574,5617,5679,5731,6048,946,18.53
Atlantic City City,Atlantic,4951,5273,6421,5988,5972,4838,4530,4826,4895,4792,4640,4369,4263,4224,-727,-14.67
Brigantine City,Atlantic,6006,6231,6162,6406,6388,6417,6343,6262,6249,6369,6566,7048,7296,7655,1649,27.44
Buena Borough,Atlantic,4604,4883,4799,4879,5035,5307,5405,5370,5444,5508,5579,5849,5987,5966,1362,29.6
Buena Vista Township,Atlantic,4399,4794,4999,5010,5098,5295,5338,5392,5606,5809,5955,6109,6234,6576,2177,49.5
Corbin City,Atlantic,3385,3478,3385,3468,3450,3613,3680,3644,3671,3788,3896,4071,4308,4444,1059,31.27
Egg Harbor City,Atlantic,5650,5880,5893,5981,6275,6414,6219,6298,6368,6241,6544,6512,6657,6835,1185,20.98
Egg Harbor Township,Atlantic,5806,5852,6044,6166,6261,6517,6512,6644,6823,6954,6974,7054,7135,7259,1453,25.02
Estell Manor City,Atlantic,3889,4069,4121,4249,4309,4325,4340,4579,4670,4808,4984,5237,5285,5400,1511,38.86
Folsom Borough,Atlantic,3457,3666,3667,3663,3769,3909,3968,3969,4131,4255,4291,4393,4380,4699,1242,35.93
Galloway Township,Atlantic,4598,4831,4923,5092,5114,5153,5141,5073,5177,5282,5404,5611,5752,5859,1261,27.44
Hamilton Township,Atlantic,4418,4676,4664,4628,4800,4934,5021,5212,5243,5260,5325,5622,5696,5947,1529,34.61
Hammonton Township,Atlantic,4722,4975,5070,5319,5492,5706,5796,5832,5878,5942,5967,6088,6141,6353,1631,34.55
Linwood City,Atlantic,9358,9715,9769,10009,9962,10106,10165,10296,10465,10627,10776,11144,11454,11872,2514,26.87
Longport Borough,Atlantic,8412,9602,9776,9940,10223,10631,10872,10988,11173,11117,11684,12491,13500,13595,5183,61.63
Margate City,Atlantic,6966,7448,7475,7675,7877,8217,8293,8244,8349,8468,8776,9367,9917,10545,3579,51.37
Mullica Township,Atlantic,4549,4751,4821,4873,5132,5459,5475,5739,5831,5986,6259,6551,6667,7373,2824,62.06
Northfield City,Atlantic,6462,6726,6815,7113,7148,7354,7477,7495,7570,7522,7601,7737,7873,8299,1837,28.42
Pleasantville City,Atlantic,3841,4190,4266,4165,4312,4195,4390,4521,4823,4841,4991,5182,5332,5507,1666,43.39
Port Republic City,Atlantic,5168,5442,5642,5814,5857,6026,6162,6192,6420,6609,6937,7192,7964,8970,3802,73.57
Somers Point City,Atlantic,5401,5847,5849,5970,6005,6275,6508,6579,6771,6911,7033,7320,7596,7940,2539,47.01
Ventnor City,Atlantic,7260,7488,7552,7744,7714,7973,7939,7796,7846,7923,7983,8409,8786,9232,1972,27.16
Weymouth Township,Atlantic,4096,4318,4400,4356,4567,4763,4750,4824,4953,5126,5126,5258,5369,6084,1988,48.53
Allendale Borough,Bergen,14314,14569,14644,14551,14916,14996,15136,15535,16017,16206,16527,16956,17310,17911,3597,25.13
Alpine Borough,Bergen,18996,19510,20093,20888,20910,21933,21299,21445,21042,21438,21169,21699,22581,23291,4295,22.61
Bergenfield Borough,Bergen,9495,9679,9795,9981,10173,10396,10549,10677,10842,11006,11177,11425,11850,12571,3076,32.39
Bogota Borough,Bergen,9146,9209,9472,9735,9862,9947,10285,10558,10718,10903,11149,11362,11503,11850,2704,29.57
Carlstadt Borough,Bergen,6549,6573,6595,6844,7025,6884,7077,6908,6964,7596,7523,7937,8761,9387,2838,43.35
Cliffside Park Borough,Bergen,7540,7684,7797,8020,8281,8463,8666,8821,9023,9186,9433,9982,10399,10771,3231,42.86
Closter Borough,Bergen,13872,14039,14250,14715,15132,15483,15565,15829,16283,16654,16806,17672,18551,19587,5715,41.2
Cresskill Borough,Bergen,14041,14423,14809,15272,15718,16208,16722,16904,17236,17614,17961,18536,19262,20277,6236,44.41
Demarest Borough,Bergen,16569,17120,17391,17937,18418,19137,19797,20604,21377,21983,22636,23475,24736,26108,9539,57.57
Dumont Borough,Bergen,9773,9975,10131,10327,10569,10828,11040,11279,11561,11893,11969,12236,12556,13046,3273,33.49
Elmwood Park Borough,Bergen,8592,8768,8893,9177,9315,9497,9621,9739,9956,10063,10062,10001,10277,10738,2146,24.98
East Rutherford Borough,Bergen,5508,5848,6028,6235,6158,6568,6359,7155,7063,7194,7463,7509,7786,8179,2671,48.5
Edgewater Borough,Bergen,6782,7124,7452,7859,8183,8312,8565,9018,9264,10791,9929,10022,10325,11035,4253,62.71
Emerson Borough,Bergen,10350,10610,10866,11118,11388,11684,11958,12562,12864,13154,13442,14313,14762,15311,4961,47.94
Englewood City,Bergen,10839,11380,11513,11667,11810,12197,12648,12977,13123,13487,13790,14050,14471,14775,3936,36.31
Englewood Cliffs Borough,Bergen,10415,10733,10998,11802,12494,12850,13606,14148,15164,14823,14887,15170,15552,15875,5460,52.43
Fair Lawn Borough,Bergen,9519,9685,9823,10012,10234,10562,10875,11140,11399,11527,11579,11766,11995,12418,2899,30.45
Fairview Borough,Bergen,8021,8299,8517,8699,9184,9749,10083,10083,10087,10203,10163,10555,11181,11467,3446,42.96
Fort Lee Borough,Bergen,9592,9896,10090,10300,10302,10442,10655,10984,11301,11478,11797,11825,12502,12980,3388,35.33
Franklin Lakes Borough,Bergen,15819,16078,16288,16635,17198,17239,17264,17471,17524,17659,17944,18565,19374,20710,4891,30.92
Garfield City,Bergen,6919,7082,7224,7424,7612,7865,8031,8222,8413,8624,8911,9392,9574,10004,3085,44.6
Glen Rock Borough,Bergen,14489,14711,14932,15157,15459,15801,16253,16802,17373,17454,17766,18391,19297,20138,5649,38.99
Hackensack City,Bergen,7524,7808,7983,8373,7919,8240,8375,8413,8465,8774,8763,9212,9793,10305,2781,36.96
Harrington Park Borough,Bergen,13298,13437,13951,14263,14654,15102,15262,15606,15940,16013,16126,16422,17008,17837,4539,34.13
Hasbrouck Heights Borough,Bergen,9587,9931,10205,10506,10722,10705,10922,11180,11548,11893,12281,12706,13232,13831,4244,44.27
Haworth Borough,Bergen,15941,16294,16636,16940,17769,17692,17780,18117,18270,18563,18905,19515,20090,21259,5318,33.36
Hillsdale Borough,Bergen,11871,12051,12229,12321,12739,12955,13187,13689,13733,14030,14215,14637,15098,15867,3996,33.66
Ho-Ho-Kus Borough,Bergen,14177,14461,14742,15045,15580,15952,16273,16519,16887,17340,17697,18264,18930,19829,5652,39.87
Leonia Borough,Bergen,11801,11821,11851,12055,12048,12621,12790,12986,13495,14011,13953,14778,15015,15908,4107,34.8
Little Ferry Borough,Bergen,8766,9022,9185,8910,9082,9200,9244,9361,9569,9947,10075,10313,10576,11001,2235,25.5
Lodi Borough,Bergen,9877,10117,10143,10163,10279,10273,10295,10302,10455,10552,10453,10500,10817,11433,1556,15.76
Lyndhurst Township,Bergen,7793,8048,8299,8428,8717,8968,9310,9263,9350,9590,10045,10264,10684,11540,3747,48.08
Mahwah Township,Bergen,7634,7833,7961,8154,8285,8499,8655,8786,9101,9329,9447,9794,9945,10260,2626,34.39
Maywood Borough,Bergen,8476,8691,8824,8959,9245,9559,9735,9963,10149,10062,10245,10636,11096,11950,3474,40.99
Midland Park Borough,Bergen,10076,10622,10533,11020,11269,11570,11792,12051,12384,12731,12993,13561,14026,14907,4831,47.95
Montvale Borough,Bergen,11239,10740,11181,11319,11645,11954,12165,12344,12758,12930,13053,13846,13608,14024,2785,24.78
Moonachie Borough,Bergen,7507,7451,7589,7907,7777,7989,8180,7975,8108,8401,8547,8603,8989,9089,1582,21.09
New Milford Borough,Bergen,10035,9917,10155,10493,10778,10999,11269,11612,11861,12028,12301,12986,13422,14007,3972,39.58
North Arlington Borough,Bergen,8638,8928,9155,9555,9840,9629,9767,9812,9682,10075,10250,10515,10864,11438,2800,32.41
Northvale Borough,Bergen,9681,9784,10010,10247,10438,10695,11132,11582,12102,12074,11783,12131,12824,13446,3765,38.9
Norwood Borough,Bergen,12190,12363,12381,12524,13064,13381,13459,13471,13878,14242,14395,14765,15356,16191,4001,32.82
Oakland Borough,Bergen,10318,10493,10707,10952,11192,11530,11711,11980,12419,12713,12626,13097,13339,13749,3431,33.26
Old Tappan Borough,Bergen,14442,14953,15312,15765,16071,16493,16726,17024,17159,16680,16742,17258,18087,19362,4920,34.06
Oradell Borough,Bergen,12479,12859,13174,13796,14126,14495,14984,15307,15503,15857,15987,16728,17209,18178,5699,45.67
Palisades Park Borough,Bergen,8139,8479,8431,8848,9087,9407,9592,9971,10003,10153,10458,10701,11081,11726,3587,44.06
Paramus Borough,Bergen,8556,8827,8818,8950,9098,9439,9643,9878,9983,10589,10928,11593,12088,13058,4502,52.62
Park Ridge Borough,Bergen,10843,11145,11417,11760,12256,12767,13109,13495,13916,14356,14640,15095,15406,15827,4984,45.96
Ramsey Borough,Bergen,11302,11347,11606,11829,11935,12279,12538,12882,13521,13676,13896,14589,15093,15125,3823,33.83
Ridgefield Borough,Bergen,7742,8020,8127,8406,8706,9074,9454,9722,9929,10181,10335,10449,10868,11337,3595,46.44
Ridgefield Park Village,Bergen,8952,9079,9271,9516,9717,10002,10349,10611,10568,11038,11460,11910,12454,13164,4212,47.05
Ridgewood Village,Bergen,16034,16179,16414,16798,17180,17661,17970,18234,18506,18998,19193,19837,20370,20589,4555,28.41
River Edge Borough,Bergen,11689,11939,12296,12335,12661,12977,13141,13509,14070,14333,14499,15280,15744,16339,4650,39.78
River Vale Township,Bergen,12936,13261,13441,13894,14322,14696,14939,15144,15519,15353,15749,16241,16636,17197,4261,32.94
Rochelle Park Township,Bergen,6866,7024,7330,7832,7830,7906,8117,8363,8568,8667,9157,9284,9460,9853,2987,43.51
Rockleigh Borough,Bergen,14828,15473,15315,15245,15551,14298,14942,15218,14146,12769,11513,12636,13605,13603,-1225,-8.26
Rutherford Borough,Bergen,10381,10509,10673,10951,11217,11453,11621,11804,12297,12664,12880,13256,13642,14060,3679,35.43
Saddle Brook Township,Bergen,7847,7610,7731,8024,8483,8484,8540,8888,9093,9529,9793,10151,10662,11300,3453,43.99
Saddle River Borough,Bergen,16466,16441,16322,16670,17221,17160,17146,17502,18210,18683,18841,19405,19758,20454,3988,24.22
South Hackensack Township,Bergen,8792,9115,8627,8853,9083,9376,9537,9617,9699,10210,10334,10778,11166,11492,2700,30.71
Teaneck Township,Bergen,11070,11338,11529,11513,11714,11947,12128,12284,12488,12612,12602,12901,13712,14378,3308,29.88
Tenafly Borough,Bergen,18036,18369,18787,19254,19866,20434,20717,21141,21552,21966,22411,23031,23833,25123,7087,39.3
Teterboro Borough,Bergen,2255,2289,2108,1960,1828,1972,2059,2026,2068,2214,2338,2108,1936,1985,-270,-11.98
Upper Saddle River Borough,Bergen,16112,16439,16742,17112,17462,18119,18421,18513,18886,18154,18384,19015,19739,20426,4314,26.77
Waldwick Borough,Bergen,10046,10175,10396,10666,10806,11049,11187,11562,11624,11764,12039,12341,12460,12956,2910,28.96
Wallington Borough,Bergen,7825,8094,8055,8475,8873,9047,9203,9359,9677,9922,10126,10373,10830,11372,3547,45.32
Washington Township,Bergen,10062,10129,10259,10517,10691,10775,10977,11294,11570,11780,12061,12674,13047,13477,3415,33.93
Westwood Borough,Bergen,9602,9792,9646,9852,10201,10283,10390,10758,10979,11118,11211,11389,11499,12160,2558,26.65
Woodcliff Lake Borough,Bergen,14203,14558,15061,15193,15562,15466,15598,15853,16082,16804,17341,18550,19624,20627,6424,45.23
Wood-Ridge Borough,Bergen,8295,8494,8725,8825,8822,9195,9386,9735,10112,10412,10508,10595,10927,11542,3247,39.15
Wyckoff Township,Bergen,12449,12626,12884,13280,13475,13776,14020,14299,14570,14837,14755,15200,15798,16428,3979,31.96
Bass River Township,Burlington,4295,4455,4512,4882,4829,4751,4726,5340,4918,4979,5171,4950,4918,5069,774,18.03
Beverly City,Burlington,4955,5136,5180,5428,5454,5489,5552,5683,5848,5998,6164,6116,6260,6478,1523,30.74
Bordentown City,Burlington,6269,6204,6444,6728,6735,6789,6995,7121,7070,7029,6979,7243,7578,8017,1748,27.89
Bordentown Township,Burlington,6585,6744,6892,7255,7392,7551,7687,7802,7988,7923,7587,7513,8177,8464,1879,28.54
Burlington City,Burlington,4359,4466,4579,4720,4874,5049,5195,5285,5537,5748,5850,5932,6048,6215,1856,42.57
Burlington Township,Burlington,6084,6225,6318,6545,6668,6696,6729,6830,6826,6848,6773,6791,6881,6926,842,13.85
Chesterfield Township,Burlington,9553,8837,9484,10084,10582,10994,11087,11363,11484,11606,11788,12274,12808,13450,3897,40.8
Cinnaminson Township,Burlington,6811,6776,6893,7246,7500,7597,7671,7773,7878,7974,8026,8191,8374,8676,1865,27.38
Delanco Township,Burlington,5273,5320,5393,5528,5647,5833,5916,6044,6193,6318,6406,6680,6676,7022,1749,33.17
Delran Township,Burlington,6644,6817,6954,7238,7381,7481,7631,7787,7888,7914,7899,7949,8070,8211,1567,23.59
Eastampton Township,Burlington,6555,6513,6437,6608,6612,6678,6757,6796,6925,6915,7146,7486,7355,8248,1693,25.83
Edgewater Park Township,Burlington,4438,4511,4803,5050,5180,5460,5517,5599,5744,5949,6056,6125,6251,6260,1822,41.06
Evesham Township,Burlington,6750,6761,6823,7036,7153,7343,7454,7581,7585,7631,7820,8224,8697,9431,2681,39.72
Fieldsboro Borough,Burlington,5245,5177,5165,4997,5039,5219,5497,5646,5746,6053,5948,5944,6219,6308,1063,20.26
Florence Township,Burlington,5148,5183,4977,5038,5072,5155,5198,5243,5269,5296,5341,5339,5581,6247,1099,21.34
Hainesport Township,Burlington,5786,5765,5896,6235,6381,6552,6637,6844,6948,7026,7035,7206,7539,8336,2550,44.07
Lumberton Township,Burlington,6732,6700,6607,6821,6853,6974,7087,7190,7274,7321,7350,7523,8036,9147,2415,35.88
Mansfield Township,Burlington,6844,7006,7098,7421,7744,7759,7792,8161,8379,8454,8307,8268,8265,8256,1412,20.62
Maple Shade Township,Burlington,5217,5239,4973,5134,5256,5340,5421,5528,5750,5741,5822,5938,6138,6414,1197,22.94
Medford Township,Burlington,9187,9424,9729,9986,10127,10146,10194,10344,10480,10549,10518,10924,11739,12430,3243,35.31
Medford Lakes Borough,Burlington,8103,8244,8373,8570,8614,8846,9251,9524,9563,9857,10150,10382,11016,11694,3591,44.31
Moorestown Township,Burlington,10322,10227,10412,11008,11693,11261,11241,11662,11902,12000,12229,12330,12768,13076,2754,26.67
Mount Holly Township,Burlington,4283,4367,4444,4603,4651,4753,4867,4951,5093,5247,5322,5460,5584,5980,1697,39.63
Mount Laurel Township,Burlington,5817,6115,6032,6103,6179,6242,6398,6427,6487,6596,6689,6684,6987,7506,1689,29.05
New Hanover Township,Burlington,4164,3793,3709,4341,4413,4708,4458,4503,4551,4870,4948,5062,5519,5897,1733,41.6
North Hanover Township,Burlington,5779,5935,6198,6511,6524,6557,6706,7038,7132,7168,7105,7103,7680,8013,2234,38.66
Palmyra Borough,Burlington,4847,4948,5164,5393,5468,5571,5640,5724,5917,5905,6137,6292,6432,6832,1985,40.96
Pemberton Borough,Burlington,3166,3070,3129,3316,3336,3384,3460,3841,4096,4377,4657,4776,5180,5427,2261,71.43
Pemberton Township,Burlington,3380,3424,3436,3596,3627,3669,3741,3870,4045,4209,4397,4750,5059,5365,1985,58.74
Riverside Township,Burlington,4670,4735,4842,5060,5149,5335,5470,5534,5614,5644,5718,5845,6009,6253,1583,33.89
Riverton Borough,Burlington,7553,7734,7864,8062,8239,8585,8760,8861,9009,9042,9052,9267,9594,10219,2666,35.29
Shamong Township,Burlington,7531,7493,7723,8234,8430,8729,8449,8589,8663,8775,8950,9255,9943,10322,2791,37.05
Southampton Township,Burlington,4820,4814,4932,5118,5283,5402,5384,5514,5636,5773,5898,6125,6377,6473,1653,34.28
Springfield Township,Burlington,7262,7423,7435,7841,8123,8193,8202,8222,8221,8242,8221,8564,8816,9414,2152,29.63
Tabernacle Township,Burlington,6633,6643,6802,7278,7334,7561,7629,7788,8047,7992,7976,8321,9086,9269,2636,39.73
Washington Township,Burlington,3456,3466,3543,3882,4093,3948,3438,2941,3008,3062,3037,3933,4945,4998,1542,44.61
Westampton Township,Burlington,4948,5075,5204,5336,5516,5592,5740,5824,5941,5965,6258,6525,6779,7426,2478,50.09
Willingboro Township,Burlington,5172,5298,5464,5731,5924,5962,6126,6247,6327,6327,6359,6870,6950,7107,1935,37.4
Woodland Township,Burlington,4759,4558,4696,5233,5466,5682,5833,6459,6481,6646,7033,7193,7477,7627,2868,60.25
Wrightstown Borough,Burlington,3608,3993,4149,3855,3934,3799,4231,4428,4553,4469,4621,5107,5702,5899,2291,63.49
Audubon Borough,Camden,6264,6240,6643,6645,6841,6992,7117,7197,7301,7379,7700,7935,8234,8588,2324,37.09
Audubon Park Borough,Camden,1998,2242,2064,2192,2521,2396,2411,2574,2621,2695,2662,2765,2867,2870,872,43.61
Barrington Borough,Camden,7189,7346,7630,7923,8146,8047,8273,8435,8475,8640,8750,8953,9300,9728,2539,35.31
Bellmawr Borough,Camden,5552,5741,5868,6028,6126,6217,6273,6363,6426,6521,6403,6337,6370,6504,952,17.16
Berlin Borough,Camden,6636,6733,6883,7023,7152,7324,7614,7747,7689,7745,7947,7977,8076,8243,1607,24.23
Berlin Township,Camden,5655,5775,5919,6074,6123,6289,6449,6533,6780,6810,6956,7188,7304,7438,1783,31.54
Brooklawn Borough,Camden,3916,3848,4163,4191,4205,4244,4390,4387,4409,4287,4462,4509,4672,4889,973,24.85
Camden City,Camden,1362,1471,1485,1533,1589,1665,1710,1728,1811,1917,1943,1994,2071,2167,805,59.04
Cherry Hill Township,Camden,8052,7715,7913,8016,8158,8284,8399,8422,8447,8576,8581,8857,9383,9874,1822,22.63
Chesilhurst Borough,Camden,4834,4964,4973,5216,5279,5400,5539,5584,5704,5918,6166,6449,6638,7951,3117,64.48
Clementon Borough,Camden,4631,4832,4982,4922,5045,5172,5126,5039,5120,5199,5248,5320,5383,5502,871,18.82
Collingswood Borough,Camden,7010,7144,7253,7449,7661,7852,7974,8060,8253,8479,8634,8888,9052,10041,3031,43.25
Gibbsboro Borough,Camden,7108,7070,7426,7639,7837,7891,7993,8040,8928,9194,9239,9497,9903,10426,3318,46.68
Gloucester City City,Camden,3726,3753,3809,3955,4383,4552,4641,4730,4835,5025,5101,5450,5503,5850,2124,57.02
Gloucester Township,Camden,6106,6130,6353,6367,6794,6917,7135,7152,7317,7314,7480,7533,7773,7923,1817,29.77
Haddon Township,Camden,7032,7313,7478,7618,7879,8050,8202,8292,8652,8754,8740,8891,9230,9933,2901,41.25
Haddonfield Borough,Camden,12964,13384,13511,13830,14275,14697,15182,15489,15802,16121,16345,16667,17138,17761,4797,37.0
Haddon Heights Borough,Camden,7749,8164,8342,8591,8778,8948,9224,9385,9595,9788,9887,10000,10194,10438,2689,34.7
Hi-nella Borough,Camden,5027,5922,6009,6563,6565,7016,7253,7552,7824,7939,8196,8409,9356,10279,5252,104.49
Laurel Springs Borough,Camden,7349,7629,7883,7992,8156,8018,8269,8517,8451,8561,8659,8853,9156,9451,2102,28.6
Lawnside Borough,Camden,5215,5196,5241,5324,5333,5465,5553,5655,5754,6024,6040,6255,6537,6790,1575,30.19
Lindenwold Borough,Camden,4361,4062,4163,4342,4528,4619,4715,4722,4667,5356,5275,5310,5342,5407,1046,23.97
Magnolia Borough,Camden,5361,5476,5624,5704,5906,6082,6274,6413,6547,6682,6760,6964,7154,7418,2057,38.37
Merchantville Borough,Camden,6399,6638,6863,7124,7499,7870,8208,8627,8825,9014,9124,9574,10065,10419,4020,62.83
Mount Ephraim Borough,Camden,5980,6049,6188,6166,6383,6587,6692,6757,6891,7089,7316,7544,7662,7862,1882,31.47
Oaklyn Borough,Camden,6175,6340,6660,6914,7017,7099,7233,7342,7614,7747,7935,8411,8768,9408,3233,52.36
Pennsauken Township,Camden,4556,4717,4796,4884,4973,5066,5055,5034,4983,5310,5457,5784,5921,6137,1581,34.69
Pine Hill Borough,Camden,5647,5776,5847,5991,6109,5824,5955,5814,5736,5882,5841,6042,6302,6565,918,16.26
Pine Valley Borough,Camden,8207,8571,8680,8888,9273,9530,9684,9637,11848,11993,,,,,,
Runnemede Borough,Camden,5460,5380,5515,5593,5578,5655,5805,5928,6051,6120,6271,6498,6717,7136,1676,30.71
Somerdale Borough,Camden,5278,5362,5324,5527,5598,5826,5973,5886,6057,6236,6087,6397,6694,6902,1624,30.76
Stratford Borough,Camden,6085,6187,6162,6340,6449,6660,6753,6969,6977,7107,7352,7296,7621,7795,1710,28.12
Tavistock Borough,Camden,23863,25014,25346,30723,31128,31415,31736,29890,30328,30715,29996,38206,37908,38387,14524,60.86
Voorhees Township,Camden,9160,8727,9003,9099,9417,9935,10142,10218,10611,10677,10790,11085,11316,11723,2563,27.98
Waterford Township,Camden,6261,6311,6401,6548,6707,6812,6943,6971,7089,7133,7177,7524,7715,7993,1732,27.67
Winslow Township,Camden,5345,5497,5547,5674,5764,5836,5941,6009,6032,6075,6154,6249,6429,6568,1223,22.87
Woodlynne Borough,Camden,4501,4561,4706,4844,5053,5238,5280,5282,5319,5334,5373,5499,5582,5707,1206,26.79
Avalon Borough,Cape May,6613,6856,7000,7126,7268,7417,7749,8068,8492,8972,9485,10423,10696,10663,4050,61.24
Cape May City,Cape May,5196,5246,5434,5510,5304,5653,5978,6380,6335,6701,6850,7198,7182,7494,2298,44.24
Cape May Point Borough,Cape May,3973,4024,3916,3908,3943,4035,4090,4290,4373,4582,5044,5271,5456,5710,1737,43.7
Dennis Township,Cape May,2840,2887,2905,2792,2833,2932,3043,3185,3243,3253,3299,3391,3585,4091,1251,44.05
Lower Township,Cape May,3408,3527,3566,3699,3834,3900,3911,4017,4133,4217,4376,4550,4641,4820,1412,41.42
Middle Township,Cape May,3856,3969,3976,4011,4047,4170,4276,4355,4466,4578,4746,4946,5141,5374,1518,39.39
North Wildwood City,Cape May,3461,3450,3520,3584,3698,3778,3867,3991,4140,4326,4517,4733,4836,4954,1493,43.12
Ocean City City,Cape May,5000,4991,5149,5253,5381,5615,5755,5852,5945,6196,6408,6798,7236,7566,2566,51.31
Sea Isle City,Cape May,4200,4208,4181,4196,4415,4586,4721,4800,4943,5199,5528,5948,6319,6431,2231,53.12
Stone Harbor Borough,Cape May,7212,7285,7395,7504,7684,7977,8615,9021,9632,10488,11132,11926,12335,12797,5585,77.43
Upper Township,Cape May,4448,4511,4600,4581,4713,4841,4916,5077,5241,5472,5720,5953,6313,6686,2238,50.33
West Cape May Borough,Cape May,5029,4667,5017,5036,5365,5371,5648,5721,6128,6035,6469,7337,7311,7120,2091,41.57
West Wildwood Borough,Cape May,3754,3591,3793,3979,3941,4410,4358,4450,4400,4482,4532,4853,5104,5449,1695,45.13
Wildwood City,Cape May,4378,4389,4622,4672,4747,4890,5101,5303,5514,5654,5814,6007,6180,6407,2029,46.35
Wildwood Crest Borough,Cape May,4194,4315,4414,4504,4561,4708,4795,4880,4948,5090,5218,5384,5489,5565,1371,32.71
Woodbine Borough,Cape May,1605,1687,1673,1690,1783,1892,1947,1963,1985,2059,2097,2104,2097,2132,527,32.78
Bridgeton City,Cumberland,3083,3165,3128,2994,3050,3146,3239,3400,3546,3579,3600,3646,3802,4184,1101,35.72
Commercial Township,Cumberland,2343,2351,2352,2443,2415,2506,2589,2539,2710,2754,2787,2801,2846,3016,673,28.72
Deerfield Township,Cumberland,4077,4109,4275,4431,4613,4668,4750,5013,5252,5312,5497,5267,5399,5662,1585,38.86
Downe Township,Cumberland,2696,2816,2854,3069,3250,3238,3374,3295,3316,3323,3489,3566,3875,4274,1578,58.49
Fairfield Township,Cumberland,3529,3549,3651,3705,3807,4020,3996,3994,4192,4297,4527,4373,4221,4938,1409,39.93
Greenwich Township,Cumberland,5257,5275,5441,6017,6063,6324,6372,6481,6543,6425,6657,6414,6513,6621,1364,25.93
Hopewell Township,Cumberland,4591,4434,4690,4667,4753,4984,5137,5307,5382,5342,5252,5537,5808,5908,1317,28.7
Lawrence Township,Cumberland,3719,3787,3890,4030,4151,4339,4561,4769,4886,4949,4971,4925,4962,5110,1391,37.43
Maurice River Township,Cumberland,4131,4159,4271,4366,4405,4521,4525,4605,4697,4660,4762,4744,4685,4676,545,13.19
Millville City,Cumberland,3977,4022,4062,4049,4136,4185,4220,4305,4517,4589,4746,4877,4928,5109,1132,28.46
Shiloh Borough,Cumberland,3568,4259,4310,4229,4068,4174,4199,4406,4767,4877,5217,4875,4913,4914,1346,37.7
Stow Creek Township,Cumberland,4471,4875,4990,5021,5016,5074,5609,5538,5653,5860,5988,6153,5473,5383,912,20.4
Upper Deerfield Township,Cumberland,4369,4493,4679,5022,5018,5131,5348,5513,5679,5889,5906,5952,5986,5928,1559,35.67
Vineland City,Cumberland,3945,3620,3732,3945,4102,4249,4479,4606,4673,4822,4932,5102,5160,5369,1424,36.1
Belleville Township,Essex,8040,8310,8585,8818,9119,9231,9501,9779,10347,10513,10688,10909,11273,11634,3594,44.69
Bloomfield Township,Essex,9459,9880,10234,10356,10447,10567,10727,10798,10888,11064,11333,11561,12020,12379,2920,30.87
Caldwell Borough,Essex,9967,9982,10169,10881,11250,11185,11398,11747,11819,12167,12830,13197,13573,13918,3951,39.64
Cedar Grove Township,Essex,9221,9505,9885,10089,10335,10691,10852,11078,11387,11588,11785,12022,12092,12465,3244,35.19
East Orange City,Essex,8392,8046,8444,8442,8642,8696,8919,9024,9086,9235,9336,10205,10298,10963,2571,30.64
Essex Fells Township,Essex,17182,17885,18330,18719,18743,19496,20054,19861,20413,20374,20420,20335,20413,21888,4706,27.39
Fairfield Township,Essex,8344,8593,8689,8991,9822,9811,9839,10252,10223,10719,10601,10862,11526,11045,2701,32.37
Glen Ridge Borough,Essex,17597,17498,18212,18569,19045,19659,20209,20541,21214,21647,22059,22605,22985,23673,6076,34.52
Irvington Township,Essex,8566,8574,7143,7113,7282,7480,7585,7856,8276,8473,8642,9013,9360,10680,2114,24.67
Livingston Township,Essex,13264,13805,14368,14879,15130,15541,15933,16190,16005,16314,16458,16888,17640,18465,5201,39.21
Maplewood Township,Essex,13435,13657,13926,14251,14626,15151,15630,16110,16632,17143,17744,18266,18613,19378,5943,44.23
Millburn Township,Essex,20437,20857,21706,22735,23327,23733,24308,24568,24370,24485,24623,24947,25407,26292,5855,28.65
Montclair Township,Essex,16484,16682,17175,17779,18292,19065,19370,19720,19963,20320,20775,21415,21631,22487,6003,36.41
Newark City,Essex,6358,5081,5365,5764,6011,6236,6481,6652,6790,6811,6930,7069,7238,7640,1282,20.18
North Caldwell Borough,Essex,14479,14667,14882,15077,15254,15662,16083,16009,16314,16556,17200,17593,17965,18469,3990,27.56
Nutley Township,Essex,9947,10081,10304,10464,10661,11011,11175,11519,11791,12344,12439,12650,12942,13314,3367,33.84
Orange City,Essex,8284,8522,7793,8120,8347,8501,9248,9449,9956,10401,10910,11762,12419,12870,4586,55.36
Roseland Borough,Essex,9746,9479,10023,10315,10300,10477,10492,10610,10712,10756,10944,10887,11541,11911,2165,22.21
South Orange Village,Essex,15951,16367,16828,17155,17576,17875,18354,18657,19147,19759,20496,21287,22057,22717,6766,42.41
Verona Township,Essex,9941,10085,10593,10791,11077,11285,11473,11898,12322,12737,12918,13258,13407,13788,3847,38.69
West Caldwell Township,Essex,9482,9763,9992,10145,10311,10838,11102,11371,11526,11685,11830,12068,12271,12371,2889,30.47
West Orange Township,Essex,12043,12350,12625,12895,13149,13475,13659,14086,14484,14701,14920,15475,15778,16162,4119,34.21
Clayton Borough,Gloucester,5187,5187,5362,5554,5721,5778,5887,5971,6076,6090,6189,6286,6784,7031,1844,35.55
Deptford Township,Gloucester,4538,4781,4907,5052,5217,5344,5513,5655,5767,5850,5947,5973,6173,6316,1778,39.18
East Greenwich Township,Gloucester,7122,7497,7719,8253,8646,8793,8940,8919,9046,9006,8938,9214,9527,9551,2429,34.1
Elk Township,Gloucester,5784,5977,6307,6617,6808,6931,7243,7400,7661,7768,7733,7704,7671,7912,2128,36.79
Franklin Township,Gloucester,5164,5363,5479,5705,5952,5986,6100,6192,6282,6366,6498,6710,6905,7095,1931,37.41
Glassboro Borough,Gloucester,5912,6141,6218,6361,6497,6658,6638,6658,6680,6677,6598,6711,6779,7006,1094,18.49
Greenwich Township,Gloucester,4246,4504,4596,4802,4968,5028,5152,5304,5314,5250,5337,5352,5674,5897,1651,38.89
Harrison Township,Gloucester,7968,8228,8485,8894,9204,9353,9612,9907,10279,10498,10656,10814,11286,11545,3577,44.88
Logan Township,Gloucester,3676,3925,3969,4097,4641,4743,4470,4607,4615,4598,4461,4308,4242,4711,1035,28.18
Mantua Township,Gloucester,5946,6092,6260,6475,6604,6699,6824,6906,7060,7133,7107,7705,7747,7870,1924,32.36
Monroe Township,Gloucester,6420,6513,6610,6810,7011,7110,7218,7338,7402,7447,7436,7495,7598,7870,1450,22.59
National Park Borough,Gloucester,5575,5606,5507,5515,5578,5814,5992,6033,6211,6221,6447,6556,6704,6734,1159,20.79
Newfield Borough,Gloucester,5112,5191,5488,5733,5936,6143,6156,6241,6784,6888,6888,6929,6829,7009,1897,37.12
Paulsboro Borough,Gloucester,3693,3755,3819,3783,3801,3988,3997,4248,4379,4408,4511,4619,4653,5152,1459,39.53
Pitman Borough,Gloucester,6279,6404,6540,6747,6928,7069,7165,7297,7486,7595,7784,8099,8352,8619,2340,37.26
South Harrison Township,Gloucester,8030,8373,8525,8925,9043,9125,9348,9556,9458,9578,9682,9950,10180,11024,2994,37.28
Swedesboro Borough,Gloucester,6279,6725,6741,6630,6861,6873,6905,6862,6978,7249,7266,7298,7422,7634,1355,21.59
Washington Township,Gloucester,6560,6684,6828,7045,7145,7203,7292,7360,7512,7616,7702,7948,8184,8542,1982,30.21
Wenonah Borough,Gloucester,8978,9585,10067,10348,10583,10747,10721,10832,10905,10971,10839,10979,11563,11712,2734,30.46
West Deptford Township,Gloucester,5230,5364,5641,5939,6127,6297,6448,6619,6813,6838,6874,6924,7043,7044,1814,34.7
Westville Borough,Gloucester,4568,4753,4875,5177,5412,5592,5438,5685,5842,6040,6179,6379,6618,6901,2333,51.06
Woodbury City,Gloucester,5776,6067,6141,6232,6339,6417,6519,6638,6871,6816,6935,7089,7388,7494,1718,29.74
Woodbury Heights Borough,Gloucester,6423,6663,6885,7197,7454,7666,7846,8025,8167,8099,8360,8483,8559,8685,2262,35.22
Woolwich Township,Gloucester,9217,9262,9644,10160,10369,10496,10727,10774,10954,10950,10744,10583,10808,10928,1711,18.56
Bayonne City,Hudson,9322,9395,9394,9605,9823,10156,10425,10634,10279,10451,10545,10777,11244,11591,2269,24.35
East Newark Borough,Hudson,6609,6958,6968,6950,7112,6557,6608,6884,6928,7254,7309,7604,8086,8555,1946,29.44
Guttenberg Town,Hudson,8729,8800,8894,9058,9138,9192,9312,9565,9637,9678,9688,9991,10336,10491,1762,20.19
Harrison Town,Hudson,9054,9506,10186,10552,10905,11003,11109,11156,10202,10126,10336,10457,10694,10909,1855,20.48
Hoboken City,Hudson,6805,6887,7451,7751,8047,8308,8235,8351,8453,8402,8401,8578,9312,9531,2726,40.05
Jersey City City,Hudson,6637,6851,6799,6772,6958,7096,6445,6772,7279,7406,9853,10556,10622,11249,4612,69.49
Kearny Town,Hudson,9112,9282,9524,9822,10163,10205,10220,10115,10110,10146,10268,10387,10568,10749,1637,17.96
North Bergen Township,Hudson,6765,7007,7127,7189,7426,7534,7710,7861,7886,8065,7626,7873,8504,8936,2171,32.08
Secaucus Town,Hudson,6429,6449,6395,6320,6688,6238,6258,6472,6559,6646,6652,7068,7331,7664,1235,19.22
Union City City,Hudson,7437,7462,7456,7561,7670,7743,7934,8016,8322,8533,8612,9036,7897,8111,674,9.07
Weehawken Township,Hudson,10135,10577,12250,12164,12719,12095,10839,11429,12007,12138,12298,12848,13499,14209,4074,40.2
West New York Town,Hudson,6610,6732,6708,7189,7326,7506,7914,7562,7366,7442,7536,7745,8144,8593,1983,29.99
Alexandria Township,Hunterdon,9257,9312,9461,9771,9815,9882,9920,10152,10306,10364,10707,10846,11711,12062,2805,30.29
Bethlehem Township,Hunterdon,9941,9952,9871,10215,10233,10013,10083,10352,10583,10679,10738,11128,11573,12242,2301,23.15
Bloomsbury Borough,Hunterdon,5855,5883,5985,5988,6129,6307,6368,6512,6725,6865,7030,7273,7595,7858,2003,34.19
Califon Borough,Hunterdon,9326,9307,9745,9903,10096,10714,10975,11466,11594,11801,12042,12219,12766,12994,3668,39.33
Clinton Town,Hunterdon,9337,9257,9494,9643,9854,10002,10160,10430,10811,11336,11780,12129,12437,12962,3625,38.83
Clinton Township,Hunterdon,9452,9645,9831,10098,10060,10080,10413,10536,10688,10862,11216,11586,11994,12539,3087,32.66
Delaware Township,Hunterdon,10116,9966,10264,10526,10405,10491,10664,10600,10860,10955,10919,11345,11689,12290,2174,21.49
East Amwell Township,Hunterdon,8564,8504,8611,8669,8902,8977,9086,9348,9646,9721,9889,9969,10100,10169,1605,18.74
Flemington Borough,Hunterdon,6694,6931,7314,7669,8034,8021,8119,8358,8656,8810,8925,9122,9578,10116,3422,51.12
Franklin Township,Hunterdon,10117,10288,10503,10289,10332,10640,10839,11086,11362,11265,11741,11829,12552,12934,2817,27.84
Frenchtown Borough,Hunterdon,7157,7405,7625,8390,8625,8538,8797,9114,9415,9751,9726,10610,10853,11812,4655,65.03
Glen Gardner Borough,Hunterdon,5174,5262,5431,5425,5593,5643,5894,6115,6337,6393,6758,7011,7237,7573,2399,46.38
Hampton Borough,Hunterdon,7372,7367,7441,7514,7335,7476,7687,8312,9221,9299,9521,9374,9536,9810,2438,33.08
High Bridge Borough,Hunterdon,8239,8418,8623,8487,8716,8814,9017,9392,9357,9607,9919,10316,10939,11299,3060,37.13
Holland Township,Hunterdon,6876,6836,7136,7406,7492,7681,7619,7933,8314,8575,8894,9144,9467,9771,2895,42.1
Kingwood Township,Hunterdon,7549,7675,7771,7866,7982,8070,8423,8480,8652,8961,9206,9422,9395,9732,2183,28.91
Lambertville City,Hunterdon,6339,6534,6739,6876,7010,7307,7560,7791,8068,8344,8846,9291,9721,10007,3668,57.86
Lebanon Borough,Hunterdon,5750,5793,5757,5862,6175,6080,6191,6544,6762,6886,7027,7247,7594,7803,2053,35.7
Lebanon Township,Hunterdon,7987,7804,7749,8069,8452,8732,9033,9050,9126,9408,9742,10263,10731,11368,3381,42.33
Milford Borough,Hunterdon,7068,7120,7315,7540,7707,8029,8645,8371,7984,8018,8320,9046,8880,9175,2107,29.82
Raritan Township,Hunterdon,9092,9187,9183,9318,9583,9792,9971,10152,10391,10619,10782,11056,11771,12323,3231,35.53
Readington Township,Hunterdon,9799,9823,9791,9943,10098,10377,10649,10837,11071,11082,11477,11799,11929,12773,2974,30.35
Stockton Borough,Hunterdon,7730,7857,7597,7611,7637,7605,7558,7519,7569,7647,8245,9366,9122,9845,2115,27.37
Tewksbury Township,Hunterdon,12700,12780,13084,13251,13699,14183,14367,14578,14599,14897,14931,15536,16023,16630,3930,30.94
Union Township,Hunterdon,8151,8175,8126,8090,8010,8119,8412,8783,9009,9213,9458,10396,10399,10880,2729,33.47
West Amwell Township,Hunterdon,9088,9082,7540,9326,9444,9323,9461,9767,10058,10355,10577,11421,11665,12187,3099,34.1
East Windsor Township,Mercer,7757,7912,7950,8032,8162,8291,8314,8432,8519,8519,8586,8837,9355,9430,1673,21.56
Ewing Township,Mercer,6297,6370,6472,6500,6592,6683,6515,6677,6892,7109,7280,7589,8095,8367,2070,32.88
Hamilton Township,Mercer,5461,5503,5735,5829,5789,5894,6038,6102,6255,7036,7022,7152,7653,8075,2614,47.87
Hightstown Borough,Mercer,8416,8412,8678,8633,8698,8764,8855,9139,9421,9689,10084,10470,10601,11075,2659,31.59
Hopewell Borough,Mercer,9928,10278,10593,10917,11071,11166,11547,12121,12336,12513,12782,13243,13786,14309,4381,44.13
Hopewell Township,Mercer,11614,11866,12198,12439,12669,12957,13293,13522,13858,14160,13978,14352,14954,15291,3677,31.67
Lawrence Township,Mercer,7260,7539,7435,7576,7794,7909,7941,8111,8217,8361,8504,8697,8903,9151,1891,26.05
Pennington Borough,Mercer,11815,12137,12655,12892,13103,13109,12998,13327,13460,13518,13514,14619,15623,16168,4353,36.85
Princeton Borough,Mercer,15742,,,,,,,,,,,,,,,
Princeton Township,Mercer,16809,,,,,,,,,,,,,,,
Trenton City,Mercer,3477,3549,3572,3610,3648,3110,3274,3355,3423,3463,3431,3523,3690,3793,316,9.09
Robbinsville Township,Mercer,10273,10451,10564,10550,10732,10909,11013,11118,11163,11176,11349,11831,12694,13269,2996,29.16
West Windsor Township,Mercer,12939,13054,13297,13466,13790,14085,14374,14524,14653,14930,15067,15387,16076,16594,3655,28.25
Princeton,Mercer,,17036,17385,17699,18333,18894,19388,19872,20352,20510,20539,21372,22718,23412,,
Carteret Borough,Middlesex,5929,6068,6161,6446,6549,6349,6573,6745,6954,7233,7331,7588,7812,8195,2266,38.22
Cranbury Township,Middlesex,11099,11061,11471,11446,11680,11664,11960,10931,10849,10882,10845,11005,11171,11305,206,1.85
Dunellen Borough,Middlesex,7573,7550,7639,7814,8028,8346,8709,8941,9363,9742,10082,10499,10919,11299,3726,49.21
East Brunswick Township,Middlesex,8794,9009,9312,9525,9763,9985,10166,10374,10508,10540,10875,10944,11287,11656,2862,32.54
Edison Township,Middlesex,8002,8090,8360,8622,8983,9197,9435,9715,10153,10260,10349,10403,10512,10584,2582,32.26
Helmetta Borough,Middlesex,5600,5672,5575,5646,5913,6154,6270,6363,6312,6534,6705,6786,7060,7440,1840,32.86
Highland Park Borough,Middlesex,9779,10014,10477,10666,11136,11176,11702,12143,12168,12348,12440,11988,12310,13109,3330,34.06
Jamesburg Borough,Middlesex,6660,6789,6933,7257,7469,7526,7497,7594,7625,7715,7924,8022,8335,8744,2084,31.29
Old Bridge Township,Middlesex,6668,6745,6900,6984,7131,7292,7543,7633,7768,7876,8025,8250,8656,9590,2922,43.82
Metuchen Borough,Middlesex,9140,9352,9623,9935,10234,10604,10829,10945,11406,11681,12053,12728,13203,13818,4678,51.18
Middlesex Borough,Middlesex,7170,7259,7466,7617,7782,8053,8289,8555,8794,8995,9235,9353,9829,10237,3067,42.78
Milltown Borough,Middlesex,7741,7994,8207,8493,8676,8990,9316,9903,10295,10549,10772,10822,11056,11422,3681,47.55
Monroe Township,Middlesex,6786,6822,6702,7003,7281,7491,7679,7801,8007,8024,8353,8523,8913,9247,2461,36.27
New Brunswick City,Middlesex,6474,6579,6598,6710,6870,6164,6384,6572,6689,6490,6518,6656,6893,7101,627,9.68
North Brunswick Township,Middlesex,7877,7997,8138,8268,8390,8583,8803,9032,9244,9417,9659,10003,10199,10589,2712,34.43
Perth Amboy City,Middlesex,7109,7045,7046,6969,6901,7072,7077,7167,7183,7231,7277,7412,7482,7935,826,11.62
Piscataway Township,Middlesex,7007,7463,6951,7102,7218,7369,7454,7613,7764,7853,8174,8386,8517,9105,2098,29.93
Plainsboro Township,Middlesex,9265,9377,9454,9577,9411,9844,10122,10333,10562,10882,11274,11439,11687,12648,3383,36.51
Sayreville Borough,Middlesex,6462,6567,6656,6876,7055,7255,7437,7580,7751,8007,8076,8647,8918,9155,2693,41.69
South Amboy City,Middlesex,6426,6821,6982,7221,7129,7305,7440,7541,7692,7890,8028,8463,8818,8858,2432,37.85
South Brunswick Township,Middlesex,8521,8526,8712,8895,9169,9298,9365,9737,9708,9654,9734,10082,10523,10951,2430,28.52
South Plainfield Borough,Middlesex,6444,6544,6732,6944,7074,7155,7266,7468,7804,7939,8166,8287,8707,9154,2710,42.06
South River Borough,Middlesex,5557,5632,5797,5973,6106,6344,6591,6777,6657,6802,7078,7229,7462,7821,2264,40.74
Spotswood Borough,Middlesex,7247,7310,7476,7532,7891,8114,8260,8484,8698,8922,9009,9229,9415,9827,2580,35.61
Woodbridge Township,Middlesex,6903,7113,7233,7423,7584,7674,7867,8079,8318,8620,8740,9002,9241,9597,2694,39.04
Allenhurst Borough,Monmouth,12366,11990,11969,12825,13088,13249,14442,15265,16369,16911,17267,18404,21858,19640,7274,58.82
Allentown Borough,Monmouth,7688,7886,7994,8170,8796,8811,8836,8795,8603,8859,8876,8435,9440,10411,2723,35.42
Asbury Park City,Monmouth,4451,4967,4642,5022,5150,5239,5291,5543,5906,6424,7048,8072,9308,11176,6725,151.1
Atlantic Highlands Borough,Monmouth,8056,8235,8479,8608,8868,9015,9244,9541,9710,9680,9764,9930,10341,10479,2423,30.09
Avon-by-the-Sea Borough,Monmouth,9343,9301,9605,9634,9649,9671,9826,10046,10382,10623,10903,11066,11323,12145,2802,30.0
Belmar Borough,Monmouth,6461,6481,6515,6592,6602,6680,6888,7527,7662,7798,7868,8215,8586,9368,2907,44.99
Bradley Beach Borough,Monmouth,6890,7167,7156,7195,7234,7344,7556,7831,8104,8297,8487,9161,9585,10013,3123,45.34
Brielle Borough,Monmouth,10387,10624,10492,10744,10947,11195,11513,11574,11817,11786,12435,13253,14201,14900,4513,43.46
Colts Neck Township,Monmouth,13509,13858,14336,14519,14559,14900,15121,14986,14884,15113,15483,16290,16955,17883,4374,32.38
Deal Borough,Monmouth,15802,15119,14299,15511,15377,16304,16529,18057,19117,19757,20197,21741,23250,25563,9761,61.77
Eatontown Borough,Monmouth,6381,6681,6746,7278,7193,7359,7725,7952,8198,8565,9259,9928,10542,11402,5021,78.68
Englishtown Borough,Monmouth,6359,6708,6611,6398,6584,6830,7272,7086,7324,7508,7819,8413,9048,9865,3506,55.15
Fair Haven Borough,Monmouth,12943,13036,13506,14012,14460,14609,15046,15376,15886,16390,16885,17453,17839,18947,6004,46.39
Farmingdale Borough,Monmouth,5757,6152,5752,5684,6149,6273,6728,7227,7314,7609,7934,7788,8694,9468,3711,64.46
Freehold Borough,Monmouth,6032,6053,6173,6346,6565,6838,6882,6910,7101,7230,7551,7910,8161,8838,2806,46.53
Freehold Township,Monmouth,8035,7956,8162,8470,8694,8705,8881,8976,9075,9412,9790,10312,10884,11415,3380,42.07
Highlands Borough,Monmouth,5990,5816,6026,6359,6416,6516,6562,6760,6979,7275,7393,8038,8441,8981,2991,49.93
Holmdel Township,Monmouth,12432,12710,12862,13093,13198,13328,13478,13707,13993,14042,14118,14734,15184,15894,3462,27.85
Howell Township,Monmouth,7142,7163,7126,7325,7482,7716,7883,8159,8192,8226,8423,8764,9282,9883,2741,38.36
Interlaken Borough,Monmouth,7594,8323,8670,8654,8536,7245,8342,8710,8840,9072,9305,10434,11395,11722,4128,54.36
Keansburg Borough,Monmouth,4807,4622,4747,4787,4850,4890,5021,5257,5447,5728,6029,6678,6777,7475,2668,55.49
Keyport Borough,Monmouth,5973,6075,5965,6249,6424,6657,6744,6885,7184,7499,8039,8544,8646,9216,3243,54.3
Little Silver Borough,Monmouth,11903,12047,12567,12756,12839,13217,13284,13592,13838,13957,13825,14993,15559,16492,4589,38.55
Loch Arbour Village,Monmouth,23328,21778,21123,21663,22323,16874,12299,11671,11434,11421,12042,11059,12078,13783,-9545,-40.92
Long Branch City,Monmouth,7508,7734,7861,8121,8334,8499,8917,9230,9881,10042,10192,10842,11647,12633,5125,68.27
Manalapan Township,Monmouth,7594,7703,7919,8086,8162,8358,8652,9013,9103,9359,9503,9917,10372,11346,3752,49.41
Manasquan Borough,Monmouth,8018,7704,8070,8273,8637,8890,9277,9575,10010,10238,10467,10823,11338,11618,3600,44.9
Marlboro Township,Monmouth,9690,9844,10070,10506,10748,10778,10995,11186,11196,11317,11452,11623,12142,12778,3088,31.86
Matawan Borough,Monmouth,8306,8328,8112,8189,8667,8995,9153,9359,9745,9979,10329,10728,11029,11568,3262,39.28
Aberdeen Township,Monmouth,6596,6740,6710,6879,7057,7233,7514,7837,7929,8007,8096,8180,8450,9022,2426,36.79
Middletown Township,Monmouth,8021,8118,8293,8526,8658,8876,9232,9344,9570,9707,9975,10289,10743,11743,3722,46.4
Millstone Township,Monmouth,10987,10991,11042,11094,11298,11401,11470,11822,12033,12213,12225,12603,12111,12904,1917,17.44
Monmouth Beach Borough,Monmouth,7817,7482,7519,7805,8185,8367,8648,8985,9434,9994,10322,10326,10595,10722,2905,37.16
Neptune Township,Monmouth,5732,5830,5886,5967,6176,6258,6513,6673,6995,7363,7861,8399,9349,10819,5087,88.76
Neptune City Borough,Monmouth,5792,5906,6027,6178,6149,6283,6523,6600,6793,6985,7279,7853,8540,9016,3224,55.66
Tinton Falls Borough,Monmouth,5871,5996,6335,6462,6634,6581,6659,6922,7110,7250,7267,7534,7926,8452,2581,43.97
Ocean Township,Monmouth,8573,8717,8829,8935,9063,9340,9750,10039,10275,10508,10933,11516,11766,12291,3718,43.37
Oceanport Borough,Monmouth,9221,8975,9034,9106,9590,9649,9898,9949,10416,11231,11589,12024,12117,12360,3139,34.04
Hazlet Township,Monmouth,7013,6999,7069,7422,7599,7699,8085,8320,8541,8700,9048,9404,9643,9998,2985,42.57
Red Bank Borough,Monmouth,7051,7165,7361,7404,7457,7623,8006,8317,8721,9082,9427,9632,10166,10936,3885,55.11
Roosevelt Borough,Monmouth,7165,7305,7347,7561,7396,7513,7519,7949,8146,8252,8401,9335,9639,9761,2596,36.23
Rumson Borough,Monmouth,17773,18211,18583,18960,19146,19551,20602,21025,21153,21591,22093,22544,22954,23692,5919,33.3
Sea Bright Borough,Monmouth,7204,6550,7333,6867,6668,7727,8071,8095,8104,8382,8491,8783,9818,10000,2796,38.82
Sea Girt Borough,Monmouth,11597,11961,12177,12437,12601,12567,12913,13218,13469,13069,13661,14200,15407,15761,4164,35.91
Shrewsbury Borough,Monmouth,10719,10215,10631,10803,10942,11508,11885,12014,12080,12325,12532,13583,13579,14201,3482,32.49
Shrewsbury Township,Monmouth,4792,4978,4882,4727,4686,4589,4169,4220,4252,4188,4720,4670,5647,5127,335,6.98
Lake Como Borough (South Belmar),Monmouth,6273,6406,6467,6610,6447,6456,6281,6198,6296,7119,7265,7544,8252,8246,1973,31.46
Spring Lake Borough,Monmouth,11003,11239,11508,11881,11854,12183,12610,12825,13029,13270,13884,14593,15241,15595,4592,41.74
Spring Lake Heights Borough,Monmouth,5761,5861,6085,6228,6557,6616,6935,7062,7148,7448,7786,8171,8662,9082,3321,57.65
Union Beach Borough,Monmouth,6038,5581,5663,5721,5897,6217,6369,6622,6946,7346,7789,8493,8874,10135,4097,67.84
Upper Freehold Township,Monmouth,9981,10215,10512,10928,10997,11143,11496,11719,11901,12178,12430,13238,13658,14246,4265,42.73
Wall Township,Monmouth,8398,8465,8525,8711,8719,8862,9033,9126,9256,9406,9500,9704,10009,10496,2098,24.99
West Long Branch Borough,Monmouth,8891,8853,8921,9010,9131,9510,9575,9840,10172,10599,11396,12173,12671,13056,4165,46.85
Boonton Town,Morris,9040,9290,9486,9727,9886,10160,10617,10915,10782,11247,11502,11900,12227,12598,3558,39.37
Boonton Township,Morris,11164,11344,11472,11523,11557,11740,11944,12285,12477,12636,12849,13126,13316,13514,2350,21.06
Butler Borough,Morris,7811,8027,8208,8490,8640,8875,9118,9274,9381,9648,9699,10107,10143,11114,3303,42.28
Chatham Borough,Morris,11995,12329,12541,12663,12902,13315,13758,14238,14446,14672,15069,15414,16107,16958,4963,41.38
Chatham Township,Morris,12577,12857,13251,13547,13756,14175,14740,15100,15563,16065,16354,16565,17174,18371,5794,46.07
Chester Borough,Morris,11361,11317,11541,12537,12776,12640,12977,13006,13400,13888,13496,14071,13923,15345,3984,35.07
Chester Township,Morris,14862,15107,15273,15239,15443,15575,15602,15732,15739,15907,16347,16818,17275,17283,2421,16.29
Denville Township,Morris,8944,9134,9382,9583,9623,9849,9955,10081,10200,10339,10524,10851,11285,11462,2518,28.15
Dover Town,Morris,5566,5627,5724,5866,5727,5844,6130,6501,6790,6939,7090,7586,7877,8409,2843,51.07
East Hanover Township,Morris,7479,7545,7575,7755,7854,7989,8278,8551,8746,8933,8969,9154,9152,9467,1988,26.58
Florham Park Borough,Morris,8721,8772,8818,9081,9301,9638,9946,10130,10378,10523,10689,10640,10919,11468,2747,31.49
Hanover Township,Morris,6760,6883,6770,6932,7233,7379,7568,7710,7680,7824,8238,8566,8667,8800,2040,30.17
Harding Township,Morris,13384,13464,13055,13485,13726,13936,13946,14225,14177,14359,14594,14959,15403,15976,2592,19.37
Jefferson Township,Morris,7084,7290,7422,7596,7817,7971,8127,8307,8548,8694,8909,9241,9581,9952,2868,40.48
Kinnelon Borough,Morris,13119,13363,13495,13706,14280,14574,14763,15019,15272,15542,15877,16427,16860,17433,4314,32.88
Lincoln Park Borough,Morris,7897,7993,8038,8166,8278,8390,8602,8867,9073,9275,9498,9876,9987,10570,2673,33.84
Madison Borough,Morris,11377,11691,11863,12338,12617,12916,13091,13506,13774,13990,14183,14301,14956,15897,4520,39.72
Mendham Borough,Morris,13513,13757,14215,14577,14906,15361,15598,15729,16053,16230,16550,17015,17092,17555,4042,29.91
Mendham Township,Morris,17533,17673,18040,18434,18752,18752,19195,19536,19794,19824,19850,20325,20816,21284,3751,21.4
Mine Hill Township,Morris,6660,6867,6924,6952,7040,7151,7297,7399,7462,7612,7743,7844,7868,7948,1288,19.33
Montville Township,Morris,11202,11376,11545,11715,11913,12193,12511,12626,12872,13138,13364,13655,14019,14424,3222,28.76
Morris Township,Morris,9653,9855,9852,9967,9923,10072,10160,10301,10501,10802,11050,11381,11392,11253,1600,16.58
Morris Plains Borough,Morris,8705,8925,9285,9407,9369,9728,9940,10278,10504,10774,10759,11070,11350,11737,3032,34.83
Morristown Town,Morris,9062,8964,9055,9202,9411,9715,10092,10211,10238,10237,10325,10411,10008,11175,2113,23.31
Mountain Lakes Borough,Morris,18502,18679,19028,19336,19775,20052,20471,20980,21625,21868,21861,22441,22996,24089,5587,30.2
Mount Arlington Borough,Morris,6973,7084,7223,7309,7424,7435,7569,7662,7822,7985,8130,8102,8392,9071,2098,30.09
Mount Olive Township,Morris,9346,9546,9653,9692,9814,9875,10107,10247,10317,10499,10562,10340,10997,10942,1596,17.07
Netcong Borough,Morris,6606,6864,6892,7176,7397,7589,7867,8323,8682,8283,8607,9167,9091,9163,2557,38.71
Parsippany-Troy Hills Township,Morris,7893,8029,8212,8333,8559,8728,8942,9159,9432,9651,10092,10366,10579,10851,2958,37.49
Long Hill Township,Morris,11086,11345,10964,11198,11575,11741,11902,12076,12262,12482,12698,12985,13361,13699,2613,23.57
Pequannock Township,Morris,7747,7657,7738,7949,8012,8300,8596,8962,9292,9452,9658,9759,10034,10574,2827,36.49
Randolph Township,Morris,11489,11708,11931,12155,12306,12323,12518,12666,12813,12971,13105,13517,13894,14453,2964,25.8
Riverdale Borough,Morris,5398,5240,5325,5365,5549,5803,5914,6063,6135,6264,6544,6818,7239,7544,2146,39.75
Rockaway Borough,Morris,7491,7713,8104,8416,8551,8874,9196,9293,9482,9660,9766,9847,10089,10241,2750,36.7
Rockaway Township,Morris,9027,9165,9368,9540,9599,9692,9775,9706,9916,10079,10299,10749,11220,11805,2778,30.78
Roxbury Township,Morris,8202,8276,8393,8527,8754,8938,8984,8858,9014,9020,9178,9291,9453,9773,1571,19.16
Victory Gardens Borough,Morris,4031,4147,4020,4133,4294,4306,4417,4643,4889,5132,5275,5435,5609,6051,2020,50.1
Washington Township,Morris,10267,10254,10343,10426,10610,10956,11209,11462,11592,11777,12107,12473,12784,13292,3025,29.46
Wharton Borough,Morris,7167,7177,7242,7247,7280,7442,7573,7975,8371,8550,8845,9392,10073,10081,2914,40.65
Barnegat Light Borough,Ocean,6410,6448,7072,6511,6764,6950,6744,6901,7162,7116,6755,7330,8379,9318,2908,45.38
Bay Head Borough,Ocean,11344,11829,12253,12749,12677,12565,13115,13304,13818,13906,14398,15710,16458,18045,6701,59.07
Beach Haven Borough,Ocean,7280,7581,7953,8479,8898,8878,9304,9043,9340,9055,9414,10240,11212,12293,5013,68.87
Beachwood Borough,Ocean,4476,4555,4568,4676,4736,4778,4875,4928,5176,5271,5453,5679,6029,6635,2159,48.23
Berkeley Township,Ocean,3728,3789,3880,3991,4120,4149,4322,4358,4520,4558,4681,4814,5034,5442,1714,45.98
Brick Township,Ocean,5946,5880,6024,6079,6264,6307,6488,6682,6819,6958,7133,7252,7666,8091,2145,36.07
Toms River Township,Ocean,5460,4629,5298,5620,5918,6139,6232,6352,6673,6743,7178,7470,7896,8526,3066,56.15
Eagleswood Township,Ocean,5287,5448,5639,5798,5968,6176,6145,6577,6788,6677,6732,6943,7026,7666,2379,45.01
Harvey Cedars Borough,Ocean,8124,9362,9528,9953,9995,9622,9620,9547,9720,9914,10404,10652,12404,12503,4379,53.9
Island Heights Borough,Ocean,6686,6631,6819,6892,7127,7097,7361,7696,8191,8256,8353,8581,8896,9401,2715,40.61
Jackson Township,Ocean,6482,6646,6805,7005,7139,7270,7466,7673,7778,7899,7996,8189,8501,9047,2565,39.57
Lacey Township,Ocean,4822,5149,5332,5332,5592,5630,5786,5883,6020,6259,6416,6766,7276,7904,3082,63.9
Lakehurst Borough,Ocean,4456,4708,4634,4811,4876,4889,4968,4986,5071,5183,5241,5383,5557,5830,1374,30.84
Lakewood Township,Ocean,5283,5631,5873,6266,6587,6454,6646,7047,7435,7494,7618,7908,8448,8974,3691,69.87
Lavallette Borough,Ocean,6228,6251,6352,6352,6558,6799,6815,6923,7191,7261,7548,8161,8498,9175,2947,47.32
Little Egg Harbor Township,Ocean,4498,4467,4518,4541,4546,4558,4668,4986,5205,5286,5456,5686,5979,6672,2174,48.34
Long Beach Township,Ocean,8069,8362,8812,9110,9168,9155,9146,9500,9499,9972,10357,11235,11472,11895,3826,47.41
Manchester Township,Ocean,3743,3671,3813,3908,4000,4070,4093,4148,4183,4320,4439,4695,4963,5328,1585,42.37
Mantoloking Borough,Ocean,16140,11855,14223,15788,16561,17423,17762,18412,19304,19274,19330,23021,24422,25985,9845,60.99
Ocean Township,Ocean,4528,4725,4839,4920,5089,5258,5460,5571,5700,5786,5905,6326,7043,7377,2849,62.91
Ocean Gate Borough,Ocean,4755,4726,4775,4773,4924,4985,5069,5293,5472,5480,5776,6315,6776,7523,2768,58.21
Pine Beach Borough,Ocean,5420,5308,5501,5744,5957,6138,6339,6511,6750,6925,7074,7208,7704,8378,2958,54.59
Plumsted Township,Ocean,5756,5901,6126,6280,6471,6575,6713,6593,6703,6833,7040,7302,7814,8968,3212,55.8
Point Pleasant Borough,Ocean,6714,6813,7098,7269,7395,7476,7685,7979,8126,8258,8451,8700,9165,9764,3050,45.43
Point Pleasant Beach Borough,Ocean,7537,7476,7979,8085,8253,8261,8502,8689,8874,8979,9216,9525,9883,10425,2888,38.31
Seaside Heights Borough,Ocean,4481,4052,4326,4867,4995,5049,5143,5329,5564,5733,6109,6613,7286,7627,3146,70.23
Seaside Park Borough,Ocean,7007,6839,7151,7474,7193,7751,7640,8236,8449,8559,8781,9147,9344,9949,2942,42.0
Ship Bottom Borough,Ocean,5409,5457,5675,5770,5998,6271,6767,6720,6842,6938,7091,7768,8231,8589,3180,58.8
South Toms River Borough,Ocean,4295,4300,4373,4491,4603,4726,4795,4902,4959,5122,5191,5361,5582,6005,1710,39.81
Stafford Township,Ocean,5728,5333,5518,5681,5986,6132,6328,6431,6588,6632,6787,7159,7302,7775,2047,35.73
Surf City Borough,Ocean,6020,6328,6544,6616,6931,7152,7131,7418,7504,7849,8632,8994,9456,9799,3779,62.78
Tuckerton Borough,Ocean,4805,4723,4875,4862,4927,5214,5503,5599,5644,5663,5851,6354,7027,7382,2577,53.64
Barnegat Township,Ocean,5660,5749,5886,6042,6248,6389,6519,6600,6732,6806,6878,7158,7335,7607,1947,34.41
Bloomingdale Borough,Passaic,9398,9782,9985,10356,10587,10738,10947,11021,11147,11240,11483,11511,11740,12104,2706,28.79
Clifton City,Passaic,8661,8771,9010,9210,9309,9516,9643,9721,9810,9775,10219,10400,10684,11063,2402,27.73
Haledon Borough,Passaic,9704,9949,9441,9952,10061,10420,10633,10973,11165,11327,11658,12021,12230,12583,2879,29.67
Hawthorne Borough,Passaic,9497,9649,9805,10215,10330,10481,10654,10884,10847,11008,11231,11428,11604,12005,2508,26.41
Little Falls Township,Passaic,8704,8352,9042,9309,9477,9635,9689,9838,9874,10083,10387,10396,10579,11123,2419,27.79
North Haledon Borough,Passaic,9681,10287,10265,10498,10606,10775,10847,10858,10966,11057,11183,11300,11709,12223,2542,26.25
Passaic City,Passaic,9278,9530,9640,9667,9246,9534,9803,10009,10175,10265,10626,10993,11355,11748,2470,26.63
Paterson City,Passaic,8575,8841,8852,7912,8352,7697,8087,7952,8245,8821,9104,9577,9942,10356,1781,20.78
Pompton Lakes Borough,Passaic,9322,9451,9574,9815,9867,9967,10055,10224,10462,10483,10603,10699,11007,11553,2231,23.93
Prospect Park Borough,Passaic,9225,9073,9625,9984,10545,10679,10834,10948,11091,11454,11607,11733,12651,13287,4062,44.03
Ringwood Borough,Passaic,9888,9866,10236,10607,10912,11044,11307,11518,11720,11837,11993,12187,12620,12925,3037,30.72
Totowa Borough,Passaic,8279,8445,8427,9063,9303,9327,9444,9512,9667,9508,9754,10431,10929,11852,3573,43.15
Wanaque Borough,Passaic,8491,8672,8737,8918,8392,8576,8807,8986,9192,9302,9508,9720,9927,10445,1954,23.02
Wayne Township,Passaic,11140,11288,11696,12043,12227,12420,12559,12678,12915,12950,12974,13139,13698,13867,2727,24.48
West Milford Township,Passaic,8415,8611,8796,8982,9076,9042,8997,9029,9148,9243,9450,9669,9946,10364,1949,23.17
Woodland Park Borough,Passaic,9387,9704,9923,10164,10406,10612,10910,10761,11011,11230,11392,11395,11634,11946,2559,27.26
Alloway Township,Salem,4729,4833,5052,5293,5489,5762,5869,5962,6088,6134,6318,6555,6964,7274,2545,53.82
Elmer Borough,Salem,4539,4488,4649,4694,5007,5238,6008,6091,6280,6258,6444,6592,6832,6834,2295,50.57
Elsinboro Township,Salem,4339,4515,4473,4591,4844,4997,5063,5152,5202,5260,5308,5455,5737,5848,1509,34.78
Lower Alloways Creek Township,Salem,1575,1543,1775,1863,2012,2086,2157,2053,1998,2152,2176,2279,2380,2714,1139,72.32
Mannington Township,Salem,4823,4713,4815,4953,5369,5661,5830,6078,6224,6557,6744,6725,6830,7073,2250,46.66
Oldmans Township,Salem,4512,4821,4662,4604,4692,5033,5266,5332,5320,5350,5444,5382,5595,5627,1115,24.7
Penns Grove Borough,Salem,3989,4072,4058,4079,4224,4369,4270,4404,4361,4264,4447,4621,4810,4916,927,23.24
Pennsville Township,Salem,5156,5305,5325,5464,5712,6188,6382,6582,6904,7111,7314,7574,7877,8044,2888,56.0
Pilesgrove Township,Salem,6739,6884,7087,7309,7856,8166,8387,8676,8940,9231,9616,10281,10173,10459,3720,55.2
Pittsgrove Township,Salem,5265,5373,5420,5662,5949,6275,6532,6679,6795,6999,7231,7342,7793,7891,2626,49.88
Quinton Township,Salem,4028,4041,4186,4301,4555,4713,4686,4686,4740,4863,5108,5465,5877,6002,1974,49.03
Salem City,Salem,3715,3760,3758,3725,3737,3126,3167,3232,3256,3331,3451,3608,3811,4030,315,8.48
Carneys Point Township,Salem,4135,4281,4360,4607,4577,4464,4791,4830,4851,4808,4870,5193,5388,5838,1703,41.17
Upper Pittsgrove Township,Salem,5321,5268,5364,5533,5858,6098,6081,6361,6619,6823,7123,7312,7559,7633,2312,43.44
Woodstown Borough,Salem,5928,6110,6283,6577,7009,7154,7255,7443,7666,7826,7999,8278,8595,8924,2996,50.54
Bedminster Township,Somerset,5483,5612,5860,5960,6140,6311,6182,6302,6328,6428,6532,6594,6686,6840,1357,24.76
Bernards Township,Somerset,11215,11482,11816,12110,12339,12497,12557,12732,12825,13115,13367,13608,13990,14733,3518,31.37
Bernardsville Borough,Somerset,13797,14090,14453,14810,15006,15120,15362,15670,15826,16276,16592,16952,17522,18511,4714,34.17
Bound Brook Borough,Somerset,7669,7834,7797,7730,8050,7947,8013,8180,8274,8522,8905,9211,9493,9877,2208,28.8
Branchburg Township,Somerset,8773,8761,8890,9015,9215,9319,9419,9617,9750,9790,9707,9891,10261,10679,1906,21.73
Bridgewater Township,Somerset,8091,8129,8373,8644,8747,8935,9144,9311,9314,9480,9616,10121,10855,10962,2871,35.48
Far Hills Borough,Somerset,13803,14171,14625,14918,15035,15178,15179,15148,14663,14493,14669,15068,15457,15004,1201,8.7
Franklin Township,Somerset,6652,6714,6846,7030,7185,7212,7344,7524,7581,7622,7738,8167,8348,9330,2678,40.27
Green Brook Township,Somerset,11375,11390,11342,11524,11586,11817,11956,12206,12286,12736,13118,13789,14297,14809,3434,30.19
Hillsborough Township,Somerset,8159,8331,8422,8655,8867,8991,9279,9524,9722,9842,10125,10416,11436,12852,4693,57.51
Manville Borough,Somerset,6784,6815,6915,6942,7111,7371,7501,7607,7669,7832,7553,7980,8115,8272,1488,21.92
Millstone Borough,Somerset,7945,8064,8184,8390,8617,8727,9005,9298,8541,7516,7111,7011,7250,8822,877,11.04
Montgomery Township,Somerset,13635,13959,14100,14276,14629,14888,15112,15511,15659,15837,16039,17067,17131,17440,3805,27.91
North Plainfield Borough,Somerset,7732,7965,8002,8126,8231,8444,8288,8491,8744,9029,9174,9576,9827,10244,2512,32.48
Peapack-Gladstone Borough,Somerset,12842,12930,13214,13551,14051,14056,13859,13993,13906,14087,14413,14707,14924,15081,2239,17.43
Raritan Borough,Somerset,7326,7343,7181,7164,7480,7628,7846,8177,8201,8362,8910,9184,9632,9820,2494,34.04
Rocky Hill Borough,Somerset,8148,8488,8799,8958,9370,9579,9780,10526,10667,10749,10768,11384,11858,12434,4286,52.59
Somerville Borough,Somerset,8730,8806,8897,9028,9140,9539,9761,9892,9992,10238,10327,10627,10899,11264,2534,29.03
South Bound Brook Borough,Somerset,6892,7441,7674,7795,7959,8120,8132,8183,8003,8435,8538,9148,9125,9580,2688,39.01
Warren Township,Somerset,12465,12973,13475,14135,14396,14681,14786,15153,15236,15525,15539,15983,16388,16986,4521,36.26
Watchung Borough,Somerset,12749,12993,13489,13979,14342,13865,14145,14822,15308,15673,15967,16365,17102,18258,5509,43.22
Andover Borough,Sussex,5781,6228,6489,6643,6830,6915,7234,7194,7148,6918,7220,7720,7756,7893,2112,36.55
Andover Township,Sussex,8214,8299,8563,8723,8860,9123,9310,9451,9662,9934,10053,10494,10899,11293,3079,37.49
Branchville Borough,Sussex,5993,5336,5303,4933,5326,5622,5454,5540,5843,6035,6030,6181,6291,6514,521,8.69
Byram Township,Sussex,8092,8336,8474,8514,8737,8888,9048,9119,9137,9240,9427,9708,9892,10398,2306,28.49
Frankford Township,Sussex,6691,6627,6893,6785,6844,6781,6823,6899,7127,7377,7621,7834,8115,8317,1626,24.32
Franklin Borough,Sussex,6132,6289,6061,6228,6221,6359,6507,6624,6955,7183,7397,7513,7513,7878,1746,28.48
Fredon Township,Sussex,8697,9103,9311,9444,9710,9794,9746,9912,10019,10107,9898,10102,10565,10715,2018,23.2
Green Township,Sussex,9802,9686,10116,10415,10805,11138,11359,10834,11083,11356,11514,12109,12218,12752,2950,30.09
Hamburg Borough,Sussex,5653,5731,5516,5627,5860,6050,6197,6374,6620,6883,7152,7542,7880,8213,2560,45.27
Hampton Township,Sussex,6010,6057,5906,5977,6374,6555,6716,6856,6919,6940,7173,7361,7776,8187,2177,36.22
Hardyston Township,Sussex,5735,5977,6007,6069,6205,6402,6520,6608,6755,6988,7030,7205,7284,7564,1829,31.89
Hopatcong Borough,Sussex,6650,6646,6926,6950,7095,7083,7082,7134,7199,7286,7414,7585,7938,8421,1771,26.63
Lafayette Township,Sussex,8546,8115,8367,8419,8342,8122,8194,8237,8740,8845,8683,8791,9029,9270,724,8.47
Montague Township,Sussex,3998,4046,4202,3910,4055,4097,4229,4387,4549,4604,4548,4571,4666,5043,1045,26.14
Newton Town,Sussex,7373,7516,7505,7640,7824,7879,7911,7921,8189,8319,8359,8341,8693,9000,1627,22.07
Ogdensburg Borough,Sussex,7146,7222,7440,7532,7689,7822,7942,8071,8199,8310,8324,8767,8836,9187,2041,28.57
Sandyston Township,Sussex,5290,5238,5339,5333,5524,5512,5609,5650,5924,6177,6376,6699,6914,7308,2018,38.16
Sparta Township,Sussex,10830,11090,11252,11411,11640,11911,12044,12293,12614,12416,12640,12980,13396,13693,2863,26.44
Stanhope Borough,Sussex,7035,6996,7197,7381,7678,7779,7872,7967,8147,8283,8364,8584,8789,9090,2055,29.22
Stillwater Township,Sussex,6102,6088,6106,6137,6174,6354,6463,6476,6763,7021,7207,7471,7730,8047,1945,31.87
Sussex Borough,Sussex,5342,5332,5251,5398,5710,5742,5867,5792,5863,6093,6173,6428,6442,6673,1331,24.91
Vernon Township,Sussex,5922,5859,5804,5734,5720,5697,5798,6088,6269,6515,6720,6836,7094,7539,1617,27.3
Walpack Township,Sussex,448,461,439,1822,1828,1277,450,515,514,515,494,456,1156,1143,695,155.0
Wantage Township,Sussex,6587,6616,6580,6756,6983,6821,6785,6998,7213,7470,7535,7657,7788,7966,1379,20.94
Berkeley Heights Township,Union,11105,11369,11839,12195,12309,12586,12767,13077,13154,13128,13259,13381,13671,14152,3047,27.43
Clark Township,Union,9210,9370,9518,9728,9866,10277,10511,10674,10832,11054,11042,11410,11619,11951,2741,29.76
Cranford Township,Union,9904,10171,10360,10523,10844,11292,11734,11995,12088,12156,12285,12477,12773,13728,3824,38.62
Elizabeth City,Union,7846,8302,8809,9073,9626,9615,9869,9962,10121,10351,10604,10964,9213,9726,1880,23.96
Fanwood Borough,Union,10437,10727,11083,11218,11721,12109,12390,12521,12530,12928,13092,13347,13849,14756,4319,41.38
Garwood Borough,Union,8749,9015,9170,9494,9613,9881,10126,10363,10088,10273,10627,10957,11339,11724,2975,34.0
Hillside Township,Union,8670,8748,8965,9096,9171,9191,9251,9353,9557,9644,9752,9863,10155,10961,2291,26.42
Kenilworth Borough,Union,7338,7776,7966,8339,8601,8788,8881,9159,9367,9556,9831,10579,11777,12247,4909,66.91
Linden City,Union,7874,8062,8258,8407,8686,8939,9073,9068,9112,9184,9173,9157,9391,9831,1957,24.86
Mountainside Borough,Union,10189,10604,11064,11787,12037,12321,12325,12425,12270,12220,12455,12436,12901,13303,3114,30.57
New Providence Borough,Union,12312,12710,13091,13364,13611,13871,14285,14485,14668,14770,14970,15265,15878,16228,3916,31.81
Plainfield City,Union,7816,7994,8136,8317,8525,8658,8856,9014,9003,9035,9130,9366,9523,9755,1939,24.82
Rahway City,Union,7827,7998,8187,8313,8423,8619,8858,9077,9241,9323,9476,9751,10141,10435,2608,33.33
Roselle Borough,Union,9057,9160,9293,9531,9523,9718,9785,9900,10113,10292,10428,10369,10683,11228,2171,23.98
Roselle Park Borough,Union,8606,8742,9057,9514,9646,9934,10032,10169,10316,10415,10479,10908,11189,11415,2809,32.65
Scotch Plains Township,Union,11520,11755,12148,12562,12803,13077,13419,13686,13853,13967,14116,14413,14994,15818,4298,37.31
Springfield Township,Union,10008,10149,10451,10700,10851,11116,11475,11706,11902,12125,11559,12497,12741,12971,2963,29.61
Summit City,Union,16051,16419,16623,17114,17576,17930,17919,18220,18314,18254,18244,18657,18974,19697,3646,22.72
Union Township,Union,7861,8055,8206,8402,8548,8780,8929,9099,9248,9444,9692,10055,10507,10849,2988,38.0
Westfield Town,Union,14329,14780,15389,15913,16282,16725,16914,17088,17166,17319,17422,17926,18480,18940,4611,32.18
Winfield Township,Union,3110,3308,3376,3427,3475,3530,3574,3669,3757,3942,3983,4058,4149,4312,1202,38.66
Allamuchy Township,Warren,6115,5975,6289,6598,6739,6827,6790,6881,6947,7053,7209,7361,7646,7696,1581,25.85
Alpha Borough,Warren,5301,5387,5517,5527,5650,5814,5843,5907,5849,6094,6213,6361,6710,6415,1114,21.02
Belvidere Town,Warren,6418,6349,6583,6616,6742,6810,7038,6937,6892,6882,7133,7406,7637,7929,1511,23.54
Blairstown Township,Warren,6526,6540,6723,6847,6964,6936,6909,7235,7377,7638,8425,8596,9261,9382,2856,43.75
Franklin Township,Warren,8689,8651,8774,9042,8852,9236,9022,9202,9182,9387,9689,9720,9938,9600,911,10.47
Frelinghuysen Township,Warren,7313,7726,7821,7968,7670,7866,7944,8110,8112,7839,7972,8775,9301,9359,2046,27.98
Greenwich Township,Warren,7218,7344,8572,8448,8628,8750,8795,8879,9052,9216,9449,9803,10845,11033,3815,52.85
Hackettstown Town,Warren,7189,7318,7545,7780,8097,8206,8354,8406,8643,8846,9027,9351,9482,9665,2476,34.45
Hardwick Township,Warren,7046,7324,7516,7774,7838,8046,8036,8222,8191,8761,9023,8835,9152,9648,2602,36.93
Harmony Township,Warren,4857,4880,5054,5126,5182,5182,5174,5085,5120,5176,5291,5444,5746,5657,800,16.46
Hope Township,Warren,6848,7086,7265,7548,7548,7542,7426,7579,7763,7676,7928,8246,8823,8940,2092,30.54
Independence Township,Warren,6701,6866,6883,7207,7318,7588,7576,7681,7714,7950,8058,8275,8466,8765,2064,30.8
Knowlton Township,Warren,6610,6654,6692,6935,7030,7193,7265,7291,7572,7754,7968,8236,8415,9046,2436,36.85
Liberty Township,Warren,6698,6686,6758,6647,6970,6803,6979,7032,7296,7195,7476,7607,7872,8460,1762,26.31
Lopatcong Township,Warren,5882,6213,6395,6445,6710,6873,6837,6874,6869,6923,6664,6705,7013,7158,1276,21.7
Mansfield Township,Warren,7475,7579,7049,7285,7498,7659,7834,7986,8120,8293,8323,8504,8529,8672,1197,16.02
Oxford Township,Warren,6058,6109,6197,6518,6555,6538,6696,6838,6936,7103,7301,7441,8093,8080,2022,33.37
Phillipsburg Town,Warren,4066,4187,4130,4272,4303,4366,4387,4430,4469,4517,4612,4686,5097,5255,1189,29.25
Pohatcong Township,Warren,6243,5662,6466,6407,6516,6632,6728,6857,6977,7190,7372,7648,7770,8089,1846,29.58
Washington Borough,Warren,6566,6603,6703,6646,6763,7119,7410,7378,7393,7228,7517,7438,8045,8484,1918,29.21
Washington Township,Warren,8036,7827,8394,8512,8633,8572,8632,8847,8911,9059,9273,9751,9927,10169,2133,26.54
White Township,Warren,5371,5188,5488,5471,5673,5558,5344,5567,5647,5919,5978,6213,6476,6786,1415,26.34
