municipality,county,avg_total_tax_2025,avg_total_tax_2024,change_dollars,change_percent,avg_school_tax,avg_municipal_tax,avg_county_tax,avg_assessed_value
Absecon City,Atlantic,6048,5731,317,5.54,2988,2010,1050,171987
Atlantic City City,Atlantic,4224,4263,-39,-0.92,1705,1833,687,124991
Brigantine City,Atlantic,7655,7296,359,4.92,1870,2830,2955,392125
Buena Borough,Atlantic,5966,5987,-20,-0.34,2909,2136,922,175080
Buena Vista Township,Atlantic,6576,6234,342,5.49,3988,1330,1259,217961
Corbin City,Atlantic,4444,4308,136,3.17,2304,766,1374,197783
Egg Harbor City,Atlantic,6835,6657,178,2.68,3096,2824,915,122766
Egg Harbor Township,Atlantic,7259,7135,124,1.73,4464,1471,1324,213463
Estell Manor City,Atlantic,5400,5285,115,2.18,3455,749,1196,183139
Folsom Borough,Atlantic,4699,4380,319,7.29,2557,940,1203,200058
Galloway Township,Atlantic,5859,5752,107,1.87,3547,1136,1176,172880
Hamilton Township,Atlantic,5947,5696,251,4.4,3114,1690,1142,168951
Hammonton Township,Atlantic,6353,6141,213,3.46,3273,1795,1285,225541
Linwood City,Atlantic,11872,11454,418,3.65,6841,3339,1693,302206
Longport Borough,Atlantic,13595,13500,95,0.7,466,5486,7644,1224169
Margate City,Atlantic,10545,9917,628,6.33,1749,4293,4502,590107
Mullica Township,Atlantic,7373,6667,706,10.59,4064,2009,1299,185915
Northfield City,Atlantic,8299,7873,426,5.42,4584,2477,1238,219731
Pleasantville City,Atlantic,5507,5332,174,3.27,1322,3507,679,101584
Port Republic City,Atlantic,8970,7964,1006,12.63,5309,1819,1842,235855
Somers Point City,Atlantic,7940,7596,344,4.53,4063,2440,1437,213341
Ventnor City,Atlantic,9232,8786,446,5.07,2636,4175,2421,326975
Weymouth Township,Atlantic,6084,5369,715,13.32,3679,1075,1330,195808
Allendale Borough,Bergen,17911,17310,602,3.48,11218,4574,2119,882521
Alpine Borough,Bergen,23291,22581,710,3.14,10622,5827,6842,2782718
Bergenfield Borough,Bergen,12571,11850,721,6.08,6885,4357,1329,336303
Bogota Borough,Bergen,11850,11503,348,3.02,6510,4136,1204,494178
Carlstadt Borough,Bergen,9387,8761,626,7.14,3647,4442,1298,550842
Cliffside Park Borough,Bergen,10771,10399,373,3.58,4961,4504,1306,379838
Closter Borough,Bergen,19587,18551,1036,5.58,12152,5171,2265,945764
Cresskill Borough,Bergen,20277,19262,1015,5.27,11228,6703,2346,893894
Demarest Borough,Bergen,26108,24736,1372,5.55,16615,6329,3164,1446665
Dumont Borough,Bergen,13046,12556,490,3.9,7270,4478,1298,557604
East Rutherford Borough,Bergen,8179,7786,393,5.05,4709,2268,1202,508501
Edgewater Borough,Bergen,11035,10325,710,6.88,4794,4585,1657,670988
Elmwood Park Borough,Bergen,10738,10277,462,4.49,5813,3763,1162,335454
Emerson Borough,Bergen,15311,14762,550,3.72,9154,4683,1474,447776
Englewood City,Bergen,14775,14471,304,2.1,6445,6679,1650,474254
Englewood Cliffs Borough,Bergen,15875,15552,323,2.08,6094,6219,3562,1363086
Fair Lawn Borough,Bergen,12418,11995,423,3.53,7771,3331,1315,339191
Fairview Borough,Bergen,11467,11181,286,2.56,4576,5604,1287,504044
Fort Lee Borough,Bergen,12980,12502,478,3.83,5798,5539,1644,480856
Franklin Lakes Borough,Bergen,20710,19374,1336,6.89,13640,3620,3450,1088076
Garfield City,Bergen,10004,9574,430,4.49,4855,3959,1190,287618
Glen Rock Borough,Bergen,20138,19297,841,4.36,13536,4673,1929,591156
Hackensack City,Bergen,10305,9793,512,5.23,4681,4690,934,321205
Harrington Park Borough,Bergen,17837,17008,829,4.87,11912,4104,1821,545400
Hasbrouck Heights Borough,Bergen,13831,13232,599,4.53,7946,4516,1369,520629
Haworth Borough,Bergen,21259,20090,1169,5.82,12930,6058,2271,659285
Hillsdale Borough,Bergen,15867,15098,769,5.09,10971,3287,1609,476583
Ho-Ho-Kus Borough,Bergen,19829,18930,899,4.75,11201,5916,2711,793060
Leonia Borough,Bergen,15908,15015,893,5.95,9006,5214,1688,440834
Little Ferry Borough,Bergen,11001,10576,426,4.02,6461,3439,1101,451793
Lodi Borough,Bergen,11433,10817,616,5.69,6338,3775,1320,322976
Lyndhurst Township,Bergen,11540,10684,855,8.01,5654,4605,1281,518764
Mahwah Township,Bergen,10260,9945,315,3.17,5971,2775,1514,482408
Maywood Borough,Bergen,11950,11096,854,7.69,6522,4103,1325,554282
Midland Park Borough,Bergen,14907,14026,881,6.28,9450,3991,1466,404240
Montvale Borough,Bergen,14024,13608,416,3.06,8685,3700,1639,549604
Moonachie Borough,Bergen,9089,8989,100,1.12,4133,3752,1205,513946
New Milford Borough,Bergen,14007,13422,585,4.36,8294,4268,1445,643161
North Arlington Borough,Bergen,11438,10864,574,5.28,6238,3981,1219,511730
Northvale Borough,Bergen,13446,12824,622,4.85,8019,4042,1385,404035
Norwood Borough,Bergen,16191,15356,835,5.44,9700,4653,1838,560028
Oakland Borough,Bergen,13749,13339,410,3.08,8794,3477,1478,629522
Old Tappan Borough,Bergen,19362,18087,1275,7.05,13655,3178,2529,825356
Oradell Borough,Bergen,18178,17209,969,5.63,10715,5584,1879,792082
Palisades Park Borough,Bergen,11726,11081,645,5.82,5311,4453,1961,801545
Paramus Borough,Bergen,13058,12088,970,8.02,6180,4777,2101,871263
Park Ridge Borough,Bergen,15827,15406,420,2.73,10491,3654,1682,474936
Ramsey Borough,Bergen,15125,15093,33,0.22,10071,3350,1705,734893
Ridgefield Borough,Bergen,11337,10868,469,4.32,6447,3355,1535,669267
Ridgefield Park Village,Bergen,13164,12454,710,5.7,7261,4723,1180,430152
Ridgewood Village,Bergen,20589,20370,219,1.08,12832,5286,2470,712672
River Edge Borough,Bergen,16339,15744,594,3.77,10288,4501,1550,675360
River Vale Township,Bergen,17197,16636,561,3.37,11249,4153,1794,613982
Rochelle Park Township,Bergen,9853,9460,393,4.15,5100,3606,1147,335904
Rockleigh Borough,Bergen,13603,13605,-2,-0.01,4642,5363,3598,1622707
Rutherford Borough,Bergen,14060,13642,417,3.06,8308,4339,1412,439480
Saddle Brook Township,Bergen,11300,10662,638,5.98,6139,3968,1193,476319
Saddle River Borough,Bergen,20454,19758,696,3.52,7508,8316,4630,1917288
South Hackensack Township,Bergen,11492,11166,326,2.92,5017,5055,1420,621103
Teaneck Township,Bergen,14378,13712,666,4.86,7847,5021,1510,627550
Tenafly Borough,Bergen,25123,23833,1290,5.41,16260,6054,2809,845192
Teterboro Borough,Bergen,1985,1936,49,2.52,65,1400,520,189129
Upper Saddle River Borough,Bergen,20426,19739,687,3.48,13538,4165,2722,788891
Waldwick Borough,Bergen,12956,12460,496,3.98,8978,2580,1398,564735
Wallington Borough,Bergen,11372,10830,542,5.0,5893,4163,1315,583161
Washington Township,Bergen,13477,13047,430,3.3,8393,3466,1618,471499
Westwood Borough,Bergen,12160,11499,661,5.75,7039,3784,1338,562575
Wood-Ridge Borough,Bergen,11542,10927,615,5.63,5800,4410,1332,386136
Woodcliff Lake Borough,Bergen,20627,19624,1002,5.11,13208,5089,2330,943698
Wyckoff Township,Bergen,16428,15798,630,3.99,11147,3039,2242,810884
Bass River Township,Burlington,5069,4918,151,3.07,3061,890,1118,226684
Beverly City,Burlington,6478,6260,218,3.48,3101,2669,708,130702
Bordentown City,Burlington,8017,7578,439,5.8,4161,2761,1095,206218
Bordentown Township,Burlington,8464,8177,287,3.51,5405,1637,1422,244059
Burlington City,Burlington,6215,6048,167,2.76,3316,2176,723,139955
Burlington Township,Burlington,6926,6881,45,0.65,4483,1251,1192,235338
Chesterfield Township,Burlington,13450,12808,643,5.02,9653,1770,2027,394482
Cinnaminson Township,Burlington,8676,8374,303,3.61,5780,1488,1408,236478
Delanco Township,Burlington,7022,6676,346,5.19,3567,2395,1061,196003
Delran Township,Burlington,8211,8070,141,1.74,5248,1745,1218,213555
Eastampton Township,Burlington,8248,7355,893,12.14,4336,2590,1322,238510
Edgewater Park Township,Burlington,6260,6251,9,0.15,3393,1969,898,187168
Evesham Township,Burlington,9431,8697,734,8.44,6375,1626,1430,273288
Fieldsboro Borough,Burlington,6308,6219,89,1.43,3871,1431,1006,208879
Florence Township,Burlington,6247,5581,666,11.94,4069,1266,911,223987
Hainesport Township,Burlington,8336,7539,796,10.56,5768,1064,1503,282815
Lumberton Township,Burlington,9147,8036,1111,13.83,6239,1403,1506,301006
Mansfield Township,Burlington,8256,8265,-10,-0.12,5667,1303,1286,256300
Maple Shade Township,Burlington,6414,6138,276,4.5,3936,1567,911,162084
Medford Lakes Borough,Burlington,11694,11016,678,6.15,7653,2377,1663,290684
Medford Township,Burlington,12430,11739,691,5.89,8747,1817,1866,331182
Moorestown Township,Burlington,13076,12768,308,2.41,8696,2104,2275,464875
Mount Holly Township,Burlington,5980,5584,396,7.09,3399,1662,919,171350
Mount Laurel Township,Burlington,7506,6987,519,7.43,5057,1261,1188,239948
New Hanover Township,Burlington,5897,5519,377,6.84,3750,856,1290,183169
North Hanover Township,Burlington,8013,7680,333,4.34,4959,1465,1589,322106
Palmyra Borough,Burlington,6832,6432,400,6.22,3795,2176,861,148909
Pemberton Borough,Burlington,5427,5180,247,4.77,2884,1621,922,186509
Pemberton Township,Burlington,5365,5059,306,6.05,2652,1834,878,164949
Riverside Township,Burlington,6253,6009,244,4.05,3278,2129,846,152888
Riverton Borough,Burlington,10219,9594,625,6.52,6263,2598,1358,250050
Shamong Township,Burlington,10322,9943,378,3.81,8204,370,1748,310681
Southampton Township,Burlington,6473,6377,96,1.5,4401,879,1193,193063
Springfield Township,Burlington,9414,8816,599,6.79,5425,2442,1548,279232
Tabernacle Township,Burlington,9269,9086,183,2.01,6345,1403,1521,274110
Washington Township,Burlington,4998,4945,53,1.08,3907,0,1091,237745
Westampton Township,Burlington,7426,6779,647,9.55,4183,2051,1193,241208
Willingboro Township,Burlington,7107,6950,157,2.25,3367,2902,837,161364
Woodland Township,Burlington,7627,7477,151,2.01,5775,750,1103,255831
Wrightstown Borough,Burlington,5899,5702,197,3.45,2846,2054,999,156182
Audubon Borough,Camden,8588,8234,354,4.31,4634,2235,1719,204521
Audubon Park Borough,Camden,2870,2867,3,0.09,667,1952,251,41483
Barrington Borough,Camden,9728,9300,428,4.6,5059,2729,1940,194601
Bellmawr Borough,Camden,6504,6370,134,2.11,3057,2089,1358,169236
Berlin Borough,Camden,8243,8076,167,2.07,4306,2088,1850,237469
Berlin Township,Camden,7438,7304,135,1.85,3179,2506,1754,188700
Brooklawn Borough,Camden,4889,4672,217,4.65,1600,2263,1026,110292
Camden City,Camden,2167,2071,96,4.61,535,1073,559,58771
Cherry Hill Township,Camden,9874,9383,491,5.23,6140,1585,2149,227125
Chesilhurst Borough,Camden,7951,6638,1313,19.77,2787,3759,1404,168333
Clementon Borough,Camden,5502,5383,119,2.21,2208,2250,1044,115204
Collingswood Borough,Camden,10041,9052,989,10.93,4908,2803,2330,450208
Gibbsboro Borough,Camden,10426,9903,522,5.28,5983,2647,1796,223635
Gloucester City City,Camden,5850,5503,347,6.31,1463,3370,1018,110538
Gloucester Township,Camden,7923,7773,151,1.94,3584,2540,1800,189604
Haddon Heights Borough,Camden,10438,10194,244,2.39,5799,2671,1968,298980
Haddon Township,Camden,9933,9230,703,7.62,5415,2039,2479,455900
Haddonfield Borough,Camden,17761,17138,623,3.63,10167,3675,3919,535786
Hi-nella Borough,Camden,10279,9356,924,9.87,5901,2935,1443,151981
Laurel Springs Borough,Camden,9451,9156,295,3.23,4651,3305,1496,164997
Lawnside Borough,Camden,6790,6537,253,3.86,3436,2040,1313,139280
Lindenwold Borough,Camden,5407,5342,65,1.21,2434,1988,985,113377
Magnolia Borough,Camden,7418,7154,264,3.69,3870,2044,1504,149355
Merchantville Borough,Camden,10419,10065,353,3.51,5085,3583,1751,189370
Mount Ephraim Borough,Camden,7862,7662,200,2.61,3853,2596,1413,146984
Oaklyn Borough,Camden,9408,8768,640,7.3,4550,3146,1712,167281
Pennsauken Township,Camden,6137,5921,216,3.64,2736,1952,1448,282627
Pine Hill Borough,Camden,6565,6302,263,4.17,3449,1835,1282,119209
Runnemede Borough,Camden,7136,6717,419,6.24,3614,2100,1422,149297
Somerdale Borough,Camden,6902,6694,207,3.1,3438,2023,1441,143854
Stratford Borough,Camden,7795,7621,174,2.29,4407,1923,1465,155894
Tavistock Borough,Camden,38387,37908,479,1.26,4788,17649,15950,2640533
Voorhees Township,Camden,11723,11316,408,3.6,6058,3126,2539,455543
Waterford Township,Camden,7993,7715,278,3.6,3920,2415,1658,175330
Winslow Township,Camden,6568,6429,138,2.15,3562,1289,1717,177759
Woodlynne Borough,Camden,5707,5582,125,2.24,2477,2439,791,70443
Avalon Borough,Cape May,10663,10696,-33,-0.3,554,4617,5493,1756115
Cape May City,Cape May,7494,7182,312,4.35,2383,2476,2636,685814
Cape May Point Borough,Cape May,5710,5456,254,4.65,155,2723,2832,745704
Dennis Township,Cape May,4091,3585,506,14.1,2991,495,605,190746
Lower Township,Cape May,4820,4641,179,3.86,2326,1513,981,238874
Middle Township,Cape May,5374,5141,233,4.53,2969,1608,798,258153
North Wildwood City,Cape May,4954,4836,118,2.43,888,2903,1163,312666
Ocean City City,Cape May,7566,7236,329,4.55,1326,4117,2122,652378
Sea Isle City,Cape May,6431,6319,112,1.78,333,3165,2933,710836
Stone Harbor Borough,Cape May,12797,12335,462,3.74,877,5522,6398,1650874
Upper Township,Cape May,6686,6313,373,5.9,4787,938,961,290326
West Cape May Borough,Cape May,7120,7311,-191,-2.62,2865,2126,2129,493162
West Wildwood Borough,Cape May,5449,5104,345,6.76,1059,3309,1080,263266
Wildwood City,Cape May,6407,6180,227,3.67,2180,3389,838,207736
Wildwood Crest Borough,Cape May,5565,5489,77,1.39,1448,2789,1329,384854
Woodbine Borough,Cape May,2132,2097,34,1.63,1527,288,316,124571
Bridgeton City,Cumberland,4184,3802,382,10.04,539,2609,1037,72304
Commercial Township,Cumberland,3016,2846,171,6.01,991,771,1254,109477
Deerfield Township,Cumberland,5662,5399,262,4.86,3458,243,1961,145559
Downe Township,Cumberland,4274,3875,399,10.29,2120,594,1560,145822
Fairfield Township,Cumberland,4938,4221,717,16.99,2404,823,1711,166181
Greenwich Township,Cumberland,6621,6513,108,1.65,3618,880,2123,181970
Hopewell Township,Cumberland,5908,5808,101,1.73,3208,575,2126,160050
Lawrence Township,Cumberland,5110,4962,148,2.99,2083,1152,1875,171647
Maurice River Township,Cumberland,4676,4685,-9,-0.18,2066,786,1824,175412
Millville City,Cumberland,5109,4928,182,3.68,1439,1788,1883,126052
Shiloh Borough,Cumberland,4914,4913,0,0.01,2712,524,1677,156229
Stow Creek Township,Cumberland,5383,5473,-89,-1.63,3149,380,1855,179939
Upper Deerfield Township,Cumberland,5928,5986,-58,-0.97,3468,340,2119,180152
Vineland City,Cumberland,5369,5160,210,4.07,1396,1887,2086,162417
Belleville Township,Essex,11634,11273,361,3.2,4624,5496,1514,279899
Bloomfield Township,Essex,12379,12020,359,2.99,5639,4912,1829,354872
Caldwell Borough,Essex,13918,13573,345,2.54,7189,4547,2183,427390
Cedar Grove Township,Essex,12465,12092,373,3.08,7411,2790,2265,478973
East Orange City,Essex,10963,10298,666,6.47,2867,6757,1340,338289
Essex Fells Township,Essex,21888,20413,1475,7.23,11712,6075,4101,947342
Fairfield Township,Essex,11045,11526,-482,-4.18,5603,3084,2358,530788
Glen Ridge Borough,Essex,23673,22985,688,2.99,14416,5551,3706,674911
Irvington Township,Essex,10680,9360,1320,14.1,1750,7635,1295,412950
Livingston Township,Essex,18465,17640,825,4.68,11251,3771,3443,729727
Maplewood Township,Essex,19378,18613,765,4.11,10944,5623,2811,807155
Millburn Township,Essex,26292,25407,885,3.48,13457,6932,5903,1302529
Montclair Township,Essex,22487,21631,856,3.96,12912,5896,3679,639628
Newark City,Essex,7640,7238,403,5.57,2221,4428,991,191065
North Caldwell Borough,Essex,18469,17965,504,2.81,11351,3426,3692,800484
Nutley Township,Essex,13314,12942,371,2.87,6819,4536,1959,493362
Orange City,Essex,12870,12419,450,3.63,1912,9748,1209,319424
Roseland Borough,Essex,11911,11541,370,3.21,6177,3532,2202,639995
South Orange Village,Essex,22717,22057,660,2.99,13025,6447,3245,879273
Verona Township,Essex,13788,13407,381,2.84,7934,3655,2199,435752
West Caldwell Township,Essex,12371,12271,100,0.81,6958,3327,2086,450020
West Orange Township,Essex,16162,15778,384,2.44,10021,4296,1846,615472
Clayton Borough,Gloucester,7031,6784,247,3.65,3792,1923,1316,273750
Deptford Township,Gloucester,6316,6173,143,2.31,3326,1750,1240,183613
East Greenwich Township,Gloucester,9551,9527,24,0.26,6249,1140,2163,299714
Elk Township,Gloucester,7912,7671,242,3.15,4251,2040,1622,214560
Franklin Township,Gloucester,7095,6905,190,2.76,4083,1623,1389,189671
Glassboro Borough,Gloucester,7006,6779,226,3.34,3398,2156,1451,192644
Greenwich Township,Gloucester,5897,5674,223,3.93,2979,1694,1224,165412
Harrison Township,Gloucester,11545,11286,259,2.3,6654,2276,2614,349848
Logan Township,Gloucester,4711,4242,470,11.07,2236,938,1537,326163
Mantua Township,Gloucester,7870,7747,124,1.59,4418,1784,1668,312818
Monroe Township,Gloucester,7870,7598,272,3.58,4235,2185,1450,208853
National Park Borough,Gloucester,6734,6704,30,0.45,4222,1463,1049,140799
Newfield Borough,Gloucester,7009,6829,181,2.64,3986,1630,1393,187286
Paulsboro Borough,Gloucester,5152,4653,499,10.73,2468,1955,729,106145
Pitman Borough,Gloucester,8619,8352,267,3.2,5008,2216,1396,239724
South Harrison Township,Gloucester,11024,10180,844,8.29,7377,1036,2610,333453
Swedesboro Borough,Gloucester,7634,7422,212,2.85,4133,2116,1386,175185
Washington Township,Gloucester,8542,8184,358,4.37,5089,1841,1612,233115
Wenonah Borough,Gloucester,11712,11563,149,1.29,7802,2140,1770,261384
West Deptford Township,Gloucester,7044,7043,1,0.01,3441,2194,1409,202251
Westville Borough,Gloucester,6901,6618,283,4.27,3906,2002,993,128120
Woodbury City,Gloucester,7494,7388,107,1.44,3407,3036,1051,154048
Woodbury Heights Borough,Gloucester,8685,8559,126,1.47,4945,2430,1309,179768
Woolwich Township,Gloucester,10928,10808,119,1.1,6765,1877,2286,323678
Bayonne City,Hudson,11591,11244,347,3.09,4335,5215,2042,402531
East Newark Borough,Hudson,8555,8086,468,5.79,2646,4058,1851,278145
Guttenberg Town,Hudson,10491,10336,155,1.5,3658,5326,1506,250916
Harrison Town,Hudson,10909,10694,215,2.01,3691,4974,2244,457734
Hoboken City,Hudson,9531,9312,219,2.35,2942,3470,3119,528046
Jersey City City,Hudson,11249,10622,627,5.9,5031,4153,2065,481886
Kearny Town,Hudson,10749,10568,181,1.71,5077,3772,1900,99090
North Bergen Township,Hudson,8936,8504,431,5.07,2958,4118,1860,488847
Secaucus Town,Hudson,7664,7331,333,4.54,2626,3506,1533,179594
Union City City,Hudson,8111,7897,214,2.71,1149,5215,1748,507747
Weehawken Township,Hudson,14209,13499,710,5.26,5535,5845,2829,767356
West New York Town,Hudson,8593,8144,449,5.52,1985,4928,1681,98696
Alexandria Township,Hunterdon,12062,11711,351,3.0,8738,1307,2017,391521
Bethlehem Township,Hunterdon,12242,11573,668,5.77,8505,1822,1914,605937
Bloomsbury Borough,Hunterdon,7858,7595,263,3.46,4970,1680,1208,214329
Califon Borough,Hunterdon,12994,12766,229,1.79,8592,2758,1644,333449
Clinton Town,Hunterdon,12962,12437,525,4.22,7724,3545,1693,439711
Clinton Township,Hunterdon,12539,11994,544,4.54,8400,2295,1843,404012
Delaware Township,Hunterdon,12290,11689,601,5.14,7604,2365,2320,426394
East Amwell Township,Hunterdon,10169,10100,69,0.68,7057,1016,2097,388072
Flemington Borough,Hunterdon,10116,9578,539,5.62,4976,4000,1141,369833
Franklin Township,Hunterdon,12934,12552,381,3.04,8767,2383,1784,430456
Frenchtown Borough,Hunterdon,11812,10853,959,8.83,7356,2854,1602,432536
Glen Gardner Borough,Hunterdon,7573,7237,336,4.64,5271,1145,1157,368327
Hampton Borough,Hunterdon,9810,9536,275,2.88,6749,2026,1035,244335
High Bridge Borough,Hunterdon,11299,10939,360,3.29,7342,2642,1315,339960
Holland Township,Hunterdon,9771,9467,304,3.21,7554,552,1665,292033
Kingwood Township,Hunterdon,9732,9395,336,3.58,6457,1390,1885,373526
Lambertville City,Hunterdon,10007,9721,285,2.94,5877,2360,1770,470803
Lebanon Borough,Hunterdon,7803,7594,209,2.76,5009,1531,1262,281172
Lebanon Township,Hunterdon,11368,10731,636,5.93,8138,1329,1901,382966
Milford Borough,Hunterdon,9175,8880,295,3.32,6136,1990,1049,227850
Raritan Township,Hunterdon,12323,11771,552,4.69,8485,1702,2136,406941
Readington Township,Hunterdon,12773,11929,844,7.08,7798,2665,2311,456556
Stockton Borough,Hunterdon,9845,9122,724,7.94,5631,2362,1852,479247
Tewksbury Township,Hunterdon,16630,16023,607,3.79,10396,3135,3098,660409
Union Township,Hunterdon,10880,10399,481,4.63,7779,1186,1915,495418
West Amwell Township,Hunterdon,12187,11665,522,4.47,7766,2374,2047,572815
East Windsor Township,Mercer,9430,9355,75,0.8,5828,1210,2393,260076
Ewing Township,Mercer,8367,8095,272,3.36,4338,2183,1847,206570
Hamilton Township,Mercer,8075,7653,422,5.52,3289,2977,1810,217798
Hightstown Borough,Mercer,11075,10601,473,4.47,5168,3733,2174,216787
Hopewell Borough,Mercer,14309,13786,523,3.79,7843,3395,3071,409133
Hopewell Township,Mercer,15291,14954,337,2.26,9120,2297,3874,488808
Lawrence Township,Mercer,9151,8903,249,2.79,4880,1973,2298,289220
Pennington Borough,Mercer,16168,15623,546,3.49,9444,3082,3642,488834
Princeton,Mercer,23412,22718,694,3.06,11267,5087,7058,856944
Robbinsville Township,Mercer,13269,12694,575,4.53,7318,2482,3469,380441
Trenton City,Mercer,3793,3690,103,2.78,772,2423,598,64405
West Windsor Township,Mercer,16594,16076,519,3.23,9513,2343,4738,524873
Carteret Borough,Middlesex,8195,7812,383,4.9,2713,3865,1617,522692
Cranbury Township,Middlesex,11305,11171,134,1.2,6143,2466,2696,615985
Dunellen Borough,Middlesex,11299,10919,380,3.48,6514,3157,1629,461604
East Brunswick Township,Middlesex,11656,11287,370,3.27,7546,2345,1766,95727
Edison Township,Middlesex,10584,10512,73,0.69,5804,2950,1830,184897
Helmetta Borough,Middlesex,7440,7060,379,5.37,4434,1749,1256,209127
Highland Park Borough,Middlesex,13109,12310,799,6.49,8000,3487,1622,481522
Jamesburg Borough,Middlesex,8744,8335,409,4.91,4461,3130,1153,125727
Metuchen Borough,Middlesex,13818,13203,615,4.66,8512,3288,2018,190473
Middlesex Borough,Middlesex,10237,9829,408,4.15,5494,3103,1641,483044
Milltown Borough,Middlesex,11422,11056,366,3.31,6996,2841,1585,164350
Monroe Township,Middlesex,9247,8913,334,3.75,5181,2013,2053,337541
New Brunswick City,Middlesex,7101,6893,208,3.02,2808,3126,1166,264163
North Brunswick Township,Middlesex,10589,10199,390,3.82,6250,2780,1559,161164
Old Bridge Township,Middlesex,9590,8656,934,10.79,5980,1792,1819,157375
Perth Amboy City,Middlesex,7935,7482,454,6.06,2001,4740,1194,249726
Piscataway Township,Middlesex,9105,8517,588,6.91,4780,2483,1842,520302
Plainsboro Township,Middlesex,12648,11687,961,8.23,8344,2393,1911,457403
Sayreville Borough,Middlesex,9155,8918,238,2.67,5142,2503,1511,146278
South Amboy City,Middlesex,8858,8818,39,0.45,3690,3673,1494,275388
South Brunswick Township,Middlesex,10951,10523,428,4.07,6466,2524,1961,196326
South Plainfield Borough,Middlesex,9154,8707,447,5.14,4994,2593,1567,125139
South River Borough,Middlesex,7821,7462,359,4.81,3854,2458,1509,293140
Spotswood Borough,Middlesex,9827,9415,412,4.38,5293,3024,1510,259165
Woodbridge Township,Middlesex,9597,9241,356,3.86,5228,2881,1488,79752
Aberdeen Township,Monmouth,9022,8450,573,6.78,6117,1921,985,494907
Allenhurst Borough,Monmouth,19640,21858,-2219,-10.15,1110,10291,8238,3954427
Allentown Borough,Monmouth,10411,9440,971,10.28,6456,2964,991,293541
Asbury Park City,Monmouth,11176,9308,1867,20.06,6252,3574,1350,637990
Atlantic Highlands Borough,Monmouth,10479,10341,139,1.34,5427,3522,1531,685022
Avon-by-the-Sea Borough,Monmouth,12145,11323,822,7.26,4369,4135,3641,1317184
Belmar Borough,Monmouth,9368,8586,782,9.11,3578,3700,2090,596811
Bradley Beach Borough,Monmouth,10013,9585,428,4.46,3342,4341,2330,1131788
Brielle Borough,Monmouth,14900,14201,699,4.92,7027,5303,2570,1239193
Colts Neck Township,Monmouth,17883,16955,928,5.47,11497,3728,2657,1283666
Deal Borough,Monmouth,25563,23250,2312,9.95,2540,10017,13006,6225131
Eatontown Borough,Monmouth,11402,10542,860,8.16,6539,3243,1621,648865
Englishtown Borough,Monmouth,9865,9048,818,9.04,6092,2626,1148,548612
Fair Haven Borough,Monmouth,18947,17839,1109,6.21,11932,4130,2885,1327941
Farmingdale Borough,Monmouth,9468,8694,774,8.9,6882,1399,1187,548988
Freehold Borough,Monmouth,8838,8161,677,8.3,4574,3399,865,441004
Freehold Township,Monmouth,11415,10884,531,4.88,8005,1959,1451,682356
Hazlet Township,Monmouth,9998,9643,355,3.68,6592,2258,1148,517337
Highlands Borough,Monmouth,8981,8441,540,6.4,3677,4273,1031,525413
Holmdel Township,Monmouth,15894,15184,710,4.67,10986,2766,2141,1033137
Howell Township,Monmouth,9883,9282,601,6.48,6676,1908,1299,595717
Interlaken Borough,Monmouth,11722,11395,327,2.87,2967,5728,3027,1467555
Keansburg Borough,Monmouth,7475,6777,698,10.3,2667,4117,691,348961
Keyport Borough,Monmouth,9216,8646,570,6.59,4625,3640,951,462806
Lake Como Borough (South Belmar),Monmouth,8246,8252,-7,-0.08,3380,3195,1670,823730
Little Silver Borough,Monmouth,16492,15559,932,5.99,10325,3907,2260,1147717
Loch Arbour Village,Monmouth,13783,12078,1706,14.12,1670,4710,7403,3644856
Long Branch City,Monmouth,12633,11647,986,8.46,6032,4666,1934,842351
Manalapan Township,Monmouth,11346,10372,975,9.4,7872,1971,1503,689747
Manasquan Borough,Monmouth,11618,11338,280,2.47,6194,2760,2664,662077
Marlboro Township,Monmouth,12778,12142,636,5.24,8838,2242,1698,498475
Matawan Borough,Monmouth,11568,11029,539,4.88,6769,3712,1088,554434
Middletown Township,Monmouth,11743,10743,1001,9.31,7204,3120,1420,727772
Millstone Township,Monmouth,12904,12111,793,6.55,9244,1633,2027,609905
Monmouth Beach Borough,Monmouth,10722,10595,127,1.2,4985,3205,2533,1209528
Neptune City Borough,Monmouth,9016,8540,476,5.57,4518,3414,1084,510465
Neptune Township,Monmouth,10819,9349,1470,15.73,6432,3155,1232,611372
Ocean Township,Monmouth,12291,11766,525,4.46,7460,2745,2086,931732
Oceanport Borough,Monmouth,12360,12117,243,2.0,7079,3369,1911,837970
Red Bank Borough,Monmouth,10936,10166,771,7.58,6674,2957,1305,600283
Roosevelt Borough,Monmouth,9761,9639,122,1.27,5987,2867,907,409443
Rumson Borough,Monmouth,23692,22954,738,3.21,13426,5530,4737,2258858
Sea Bright Borough,Monmouth,10000,9818,182,1.85,3349,4113,2538,1169866
Sea Girt Borough,Monmouth,15761,15407,354,2.3,3970,5436,6356,3164300
Shrewsbury Borough,Monmouth,14201,13579,622,4.58,8253,4165,1783,855278
Shrewsbury Township,Monmouth,5127,5647,-520,-9.21,2224,2296,606,332503
Spring Lake Borough,Monmouth,15595,15241,354,2.32,3244,4990,7361,3417829
Spring Lake Heights Borough,Monmouth,9082,8662,420,4.84,4223,2989,1870,887147
Tinton Falls Borough,Monmouth,8452,7926,526,6.63,5025,2113,1314,610247
Union Beach Borough,Monmouth,10135,8874,1261,14.21,4401,4724,1010,472501
Upper Freehold Township,Monmouth,14246,13658,588,4.3,10535,2083,1628,770946
Wall Township,Monmouth,10496,10009,488,4.87,6186,2594,1716,493618
West Long Branch Borough,Monmouth,13056,12671,386,3.04,6714,4091,2252,1031541
Boonton Town,Morris,12598,12227,371,3.03,7850,3461,1287,362305
Boonton Township,Morris,13514,13316,198,1.49,9165,2711,1638,532590
Butler Borough,Morris,11114,10143,971,9.57,6884,3116,1114,442661
Chatham Borough,Morris,16958,16107,851,5.28,10776,3534,2648,997082
Chatham Township,Morris,18371,17174,1196,6.97,11970,3517,2884,873497
Chester Borough,Morris,15345,13923,1422,10.22,8519,5177,1648,659402
Chester Township,Morris,17283,17275,9,0.05,11434,3840,2009,668118
Denville Township,Morris,11462,11285,177,1.56,7835,2211,1415,411101
Dover Town,Morris,8409,7877,532,6.75,3616,3960,833,241005
East Hanover Township,Morris,9467,9152,316,3.45,4966,3080,1421,357083
Florham Park Borough,Morris,11468,10919,549,5.02,6126,3194,2148,678476
Hanover Township,Morris,8800,8667,133,1.53,5180,2271,1348,428983
Harding Township,Morris,15976,15403,573,3.72,7508,4597,3870,1294806
Jefferson Township,Morris,9952,9581,371,3.87,5997,2979,976,331449
Kinnelon Borough,Morris,17433,16860,573,3.4,12020,3692,1720,584028
Lincoln Park Borough,Morris,10570,9987,584,5.84,5328,4107,1135,486913
Long Hill Township,Morris,13699,13361,338,2.53,8507,3638,1553,622466
Madison Borough,Morris,15897,14956,941,6.29,10036,3392,2468,705283
Mendham Borough,Morris,17555,17092,464,2.71,11542,3912,2100,695107
Mendham Township,Morris,21284,20816,468,2.25,14517,3925,2843,1157991
Mine Hill Township,Morris,7948,7868,79,1.01,4654,2297,997,281878
Montville Township,Morris,14424,14019,405,2.89,9703,2926,1794,539745
Morris Plains Borough,Morris,11737,11350,387,3.41,6046,4238,1453,460732
Morris Township,Morris,11253,11392,-139,-1.22,6560,2959,1735,571922
Morristown Town,Morris,11175,10008,1167,11.66,5747,3859,1568,635270
Mount Arlington Borough,Morris,9071,8392,679,8.09,5058,2892,1121,411901
Mount Olive Township,Morris,10942,10997,-55,-0.5,7510,2311,1120,325107
Mountain Lakes Borough,Morris,24089,22996,1093,4.75,16617,4734,2737,1048118
Netcong Borough,Morris,9163,9091,72,0.79,5764,2629,771,265833
Parsippany-Troy Hills Township,Morris,10851,10579,273,2.58,6859,2941,1051,314365
Pequannock Township,Morris,10574,10034,540,5.38,6709,2472,1393,575249
Randolph Township,Morris,14453,13894,559,4.02,10160,2772,1521,493076
Riverdale Borough,Morris,7544,7239,305,4.21,3928,2598,1018,396861
Rockaway Borough,Morris,10241,10089,152,1.51,6346,2938,957,304085
Rockaway Township,Morris,11805,11220,586,5.22,7751,2787,1268,479315
Roxbury Township,Morris,9773,9453,320,3.39,6210,2400,1163,346549
Victory Gardens Borough,Morris,6051,5609,442,7.87,3281,2095,675,171033
Washington Township,Morris,13292,12784,508,3.98,9484,2393,1415,442634
Wharton Borough,Morris,10081,10073,8,0.08,6715,2398,968,386810
Barnegat Light Borough,Ocean,9318,8379,939,11.21,2034,2261,5023,842434
Barnegat Township,Ocean,7607,7335,273,3.72,3770,2451,1387,246825
Bay Head Borough,Ocean,18045,16458,1587,9.64,4108,4527,9410,1633958
Beach Haven Borough,Ocean,12293,11212,1081,9.64,3420,4176,4697,862211
Beachwood Borough,Ocean,6635,6029,606,10.05,3069,2317,1249,208185
Berkeley Township,Ocean,5442,5034,408,8.1,2549,1670,1223,210117
Brick Township,Ocean,8091,7666,425,5.54,3865,2496,1729,303775
Eagleswood Township,Ocean,7666,7026,641,9.12,5168,1223,1276,256659
Harvey Cedars Borough,Ocean,12503,12404,99,0.8,2851,3563,6090,1124727
Island Heights Borough,Ocean,9401,8896,505,5.67,4848,2396,2157,420860
Jackson Township,Ocean,9047,8501,546,6.42,5102,1857,2088,652896
Lacey Township,Ocean,7904,7276,628,8.63,4769,1631,1503,289018
Lakehurst Borough,Ocean,5830,5557,273,4.92,1744,3143,943,253838
Lakewood Township,Ocean,8974,8448,526,6.23,3742,3044,2188,364614
Lavallette Borough,Ocean,9175,8498,677,7.96,1646,2534,4994,905220
Little Egg Harbor Township,Ocean,6672,5979,693,11.59,3518,1949,1204,208058
Long Beach Township,Ocean,11895,11472,423,3.69,3300,2868,5727,1303516
Manchester Township,Ocean,5328,4963,365,7.36,2698,1449,1182,366383
Mantoloking Borough,Ocean,25985,24422,1563,6.4,445,9067,16473,2851976
Ocean Gate Borough,Ocean,7523,6776,747,11.03,3597,2500,1427,413297
Ocean Township,Ocean,7377,7043,334,4.74,3335,2460,1583,467524
Pine Beach Borough,Ocean,8378,7704,675,8.76,4051,2680,1647,413243
Plumsted Township,Ocean,8968,7814,1154,14.77,6424,999,1546,284911
Point Pleasant Beach Borough,Ocean,10425,9883,543,5.49,4359,2859,3207,578482
Point Pleasant Borough,Ocean,9764,9165,599,6.54,5416,2060,2288,402918
Seaside Heights Borough,Ocean,7627,7286,342,4.69,3005,2839,1784,594149
Seaside Park Borough,Ocean,9949,9344,605,6.47,2971,3881,3097,573479
Ship Bottom Borough,Ocean,8589,8231,359,4.36,1726,2941,3923,692287
South Toms River Borough,Ocean,6005,5582,423,7.58,2170,2882,953,170625
Stafford Township,Ocean,7775,7302,473,6.47,3107,2881,1787,296440
Surf City Borough,Ocean,9799,9456,343,3.63,2809,2163,4827,919715
Toms River Township,Ocean,8526,7896,630,7.98,4617,2028,1881,448382
Tuckerton Borough,Ocean,7382,7027,355,5.06,3867,2244,1271,230672
Bloomingdale Borough,Passaic,12104,11740,364,3.1,6708,3307,2089,256559
Clifton City,Passaic,11063,10684,378,3.54,5319,3317,2426,180519
Haledon Borough,Passaic,12583,12230,353,2.88,5687,4711,2185,231821
Hawthorne Borough,Passaic,12005,11604,401,3.45,6667,2841,2497,381881
Little Falls Township,Passaic,11123,10579,543,5.14,5015,3646,2462,318181
North Haledon Borough,Passaic,12223,11709,514,4.39,4893,4450,2879,383578
Passaic City,Passaic,11748,11355,393,3.47,1646,7441,2661,275945
Paterson City,Passaic,10356,9942,414,4.17,2537,5784,2035,194143
Pompton Lakes Borough,Passaic,11553,11007,546,4.96,6432,2930,2191,279678
Prospect Park Borough,Passaic,13287,12651,636,5.03,6371,4717,2199,213258
Ringwood Borough,Passaic,12925,12620,305,2.42,7726,2830,2369,303488
Totowa Borough,Passaic,11852,10929,923,8.45,5427,2677,3748,404019
Wanaque Borough,Passaic,10445,9927,518,5.22,5718,2822,1905,230046
Wayne Township,Passaic,13867,13698,169,1.24,7716,3258,2893,231208
West Milford Township,Passaic,10364,9946,418,4.2,6158,2196,2010,246002
Woodland Park Borough,Passaic,11946,11634,313,2.69,5614,3799,2533,347806
Alloway Township,Salem,7274,6964,310,4.45,3702,582,2990,200581
Carneys Point Township,Salem,5838,5388,450,8.34,2108,1244,2486,242292
Elmer Borough,Salem,6834,6832,3,0.04,3172,1250,2412,166633
Elsinboro Township,Salem,5848,5737,111,1.94,2643,807,2398,184374
Lower Alloways Creek Township,Salem,2714,2380,333,14.0,0,0,2714,135473
Mannington Township,Salem,7073,6830,244,3.57,4027,507,2539,198730
Oldmans Township,Salem,5627,5595,32,0.58,2549,411,2667,208513
Penns Grove Borough,Salem,4916,4810,106,2.2,1248,2284,1384,87036
Pennsville Township,Salem,8044,7877,167,2.12,4070,1690,2283,154714
Pilesgrove Township,Salem,10459,10173,286,2.81,5515,907,4036,279243
Pittsgrove Township,Salem,7891,7793,98,1.26,4032,851,3008,191404
Quinton Township,Salem,6002,5877,125,2.13,2773,838,2391,156313
Salem City,Salem,4030,3811,219,5.74,1073,2012,945,46717
Upper Pittsgrove Township,Salem,7633,7559,74,0.98,3677,584,3372,246385
Woodstown Borough,Salem,8924,8595,329,3.83,4059,1902,2962,214916
Bedminster Township,Somerset,6840,6686,155,2.31,3512,1619,1709,568181
Bernards Township,Somerset,14733,13990,743,5.31,9559,2487,2687,873237
Bernardsville Borough,Somerset,18511,17522,989,5.64,10467,5077,2967,975586
Bound Brook Borough,Somerset,9877,9493,384,4.05,4957,3373,1547,447666
Branchburg Township,Somerset,10679,10261,418,4.07,6311,2216,2151,624904
Bridgewater Township,Somerset,10962,10855,107,0.98,7458,1406,2097,576521
Far Hills Borough,Somerset,15004,15457,-453,-2.93,4512,6693,3800,1293740
Franklin Township,Somerset,9330,8348,982,11.77,5919,1746,1665,556178
Green Brook Township,Somerset,14809,14297,512,3.58,9412,3004,2393,697163
Hillsborough Township,Somerset,12852,11436,1416,12.38,8659,2033,2159,595074
Manville Borough,Somerset,8272,8115,157,1.93,4179,2739,1354,392103
Millstone Borough,Somerset,8822,7250,1572,21.68,4969,2332,1521,409599
Montgomery Township,Somerset,17440,17131,310,1.81,11848,2636,2957,507399
North Plainfield Borough,Somerset,10244,9827,416,4.24,5071,3794,1379,225507
Peapack-Gladstone Borough,Somerset,15081,14924,157,1.05,6837,5008,3236,956693
Raritan Borough,Somerset,9820,9632,188,1.95,5989,2311,1520,322884
Rocky Hill Borough,Somerset,12434,11858,576,4.86,7597,2735,2102,597566
Somerville Borough,Somerset,11264,10899,365,3.35,6596,3143,1525,276202
South Bound Brook Borough,Somerset,9580,9125,455,4.99,5208,3105,1266,238707
Warren Township,Somerset,16986,16388,598,3.65,11051,2704,3231,969669
Watchung Borough,Somerset,18258,17102,1156,6.76,9463,5650,3145,935740
Andover Borough,Sussex,7893,7756,137,1.77,5025,1426,1443,239222
Andover Township,Sussex,11293,10899,394,3.62,6406,3064,1823,259024
Branchville Borough,Sussex,6514,6291,223,3.54,4560,571,1382,258976
Byram Township,Sussex,10398,9892,506,5.11,5984,2672,1742,258759
Frankford Township,Sussex,8317,8115,203,2.5,5460,1180,1677,273663
Franklin Borough,Sussex,7878,7513,365,4.86,4159,2397,1323,313278
Fredon Township,Sussex,10715,10565,150,1.42,7058,1639,2017,339092
Green Township,Sussex,12752,12218,534,4.37,8187,2274,2291,560818
Hamburg Borough,Sussex,8213,7880,333,4.22,5204,1802,1207,159947
Hampton Township,Sussex,8187,7776,411,5.28,5223,1314,1650,234286
Hardyston Township,Sussex,7564,7284,280,3.84,4129,1751,1684,392199
Hopatcong Borough,Sussex,8421,7938,483,6.08,4482,2218,1721,380473
Lafayette Township,Sussex,9270,9029,241,2.67,6263,1017,1989,310369
Montague Township,Sussex,5043,4666,377,8.08,3291,729,1023,159343
Newton Town,Sussex,9000,8693,307,3.53,4429,3149,1421,338144
Ogdensburg Borough,Sussex,9187,8836,351,3.97,4537,3170,1480,221174
Sandyston Township,Sussex,7308,6914,394,5.7,5086,666,1557,218982
Sparta Township,Sussex,13693,13396,298,2.22,8819,2544,2330,373413
Stanhope Borough,Sussex,9090,8789,302,3.43,5073,2679,1339,195096
Stillwater Township,Sussex,8047,7730,317,4.1,5382,1131,1534,213409
Sussex Borough,Sussex,6673,6442,231,3.59,3884,1671,1118,184601
Vernon Township,Sussex,7539,7094,444,6.26,4397,1732,1410,321502
Walpack Township,Sussex,1143,1156,-13,-1.1,0,0,1143,227892
Wantage Township,Sussex,7966,7788,178,2.29,5478,925,1562,265395
Berkeley Heights Township,Union,14152,13671,481,3.52,8416,2933,2803,321610
Clark Township,Union,11951,11619,332,2.85,6146,3548,2257,526709
Cranford Township,Union,13728,12773,955,7.48,7927,3452,2349,189415
Elizabeth City,Union,9726,9213,513,5.57,1807,6268,1651,482259
Fanwood Borough,Union,14756,13849,907,6.55,9242,3150,2364,473033
Garwood Borough,Union,11724,11339,386,3.4,5447,4225,2053,410264
Hillside Township,Union,10961,10155,806,7.93,4246,4981,1734,123171
Kenilworth Borough,Union,12247,11777,470,3.99,6150,3893,2204,184888
Linden City,Union,9831,9391,440,4.68,4443,3634,1754,133862
Mountainside Borough,Union,13303,12901,402,3.12,6481,3765,3057,633778
New Providence Borough,Union,16228,15878,350,2.2,9760,3661,2807,309624
Plainfield City,Union,9755,9523,233,2.44,2654,5681,1421,109293
Rahway City,Union,10435,10141,295,2.91,4726,4230,1480,137596
Roselle Borough,Union,11228,10683,545,5.1,4047,5737,1445,122763
Roselle Park Borough,Union,11415,11189,226,2.02,5887,3895,1633,253379
Scotch Plains Township,Union,15818,14994,825,5.5,10538,2611,2668,128092
Springfield Township,Union,12971,12741,230,1.8,6356,4449,2166,538099
Summit City,Union,19697,18974,723,3.81,10288,4596,4813,440642
Union Township,Union,10849,10507,341,3.25,5048,4089,1712,46516
Westfield Town,Union,18940,18480,460,2.49,11801,3376,3763,826690
Winfield Township,Union,4312,4149,163,3.92,2029,2217,66,18418
Allamuchy Township,Warren,7696,7646,49,0.64,4371,1086,2239,238509
Alpha Borough,Warren,6415,6710,-295,-4.39,3229,1790,1396,184125
Belvidere Town,Warren,7929,7637,292,3.82,4202,2220,1507,240181
Blairstown Township,Warren,9382,9261,121,1.31,6038,893,2451,299455
Franklin Township,Warren,9600,9938,-338,-3.4,6200,1098,2302,306821
Frelinghuysen Township,Warren,9359,9301,58,0.63,5816,1163,2380,327533
Greenwich Township,Warren,11033,10845,188,1.74,6381,2224,2428,272325
Hackettstown Town,Warren,9665,9482,183,1.93,5755,2031,1878,277968
Hardwick Township,Warren,9648,9152,496,5.41,5618,1597,2433,252276
Harmony Township,Warren,5657,5746,-89,-1.54,2977,689,1991,212287
Hope Township,Warren,8940,8823,117,1.33,5571,1092,2277,257983
Independence Township,Warren,8765,8466,299,3.54,5301,1449,2016,230984
Knowlton Township,Warren,9046,8415,631,7.5,5808,1057,2181,211829
Liberty Township,Warren,8460,7872,588,7.47,5407,956,2097,231436
Lopatcong Township,Warren,7158,7013,145,2.07,3927,1519,1712,235344
Mansfield Township,Warren,8672,8529,142,1.67,5029,1695,1948,243408
Oxford Township,Warren,8080,8093,-14,-0.17,5181,1239,1660,167404
Phillipsburg Town,Warren,5255,5097,158,3.1,2163,2165,928,112427
Pohatcong Township,Warren,8089,7770,319,4.11,3597,2980,1513,178384
Washington Borough,Warren,8484,8045,438,5.45,4631,2364,1488,144038
Washington Township,Warren,10169,9927,242,2.43,6082,1969,2118,247444
White Township,Warren,6786,6476,311,4.8,4045,642,2099,259078
